solid sphere
  facet normal -0.065402 -0.997838 -0.006442
    outer loop
      vertex 0.000000 0.500000 0.000000
      vertex 0.065263 0.495722 0.000000
      vertex 0.064009 0.495722 0.012732
    endloop
  endfacet
  facet normal -0.062888 -0.997838 -0.019077
    outer loop
      vertex 0.000000 0.500000 0.000000
      vertex 0.064009 0.495722 0.012732
      vertex 0.060295 0.495722 0.024975
    endloop
  endfacet
  facet normal -0.057958 -0.997838 -0.030979
    outer loop
      vertex 0.000000 0.500000 0.000000
      vertex 0.060295 0.495722 0.024975
      vertex 0.054264 0.495722 0.036258
    endloop
  endfacet
  facet normal -0.050801 -0.997838 -0.041691
    outer loop
      vertex 0.000000 0.500000 0.000000
      vertex 0.054264 0.495722 0.036258
      vertex 0.046148 0.495722 0.046148
    endloop
  endfacet
  facet normal -0.041691 -0.997838 -0.050801
    outer loop
      vertex 0.000000 0.500000 0.000000
      vertex 0.046148 0.495722 0.046148
      vertex 0.036258 0.495722 0.054264
    endloop
  endfacet
  facet normal -0.030979 -0.997838 -0.057958
    outer loop
      vertex 0.000000 0.500000 0.000000
      vertex 0.036258 0.495722 0.054264
      vertex 0.024975 0.495722 0.060295
    endloop
  endfacet
  facet normal -0.019077 -0.997838 -0.062888
    outer loop
      vertex 0.000000 0.500000 0.000000
      vertex 0.024975 0.495722 0.060295
      vertex 0.012732 0.495722 0.064009
    endloop
  endfacet
  facet normal -0.006442 -0.997838 -0.065402
    outer loop
      vertex 0.000000 0.500000 0.000000
      vertex 0.012732 0.495722 0.064009
      vertex 0.000000 0.495722 0.065263
    endloop
  endfacet
  facet normal 0.006442 -0.997838 -0.065402
    outer loop
      vertex 0.000000 0.500000 0.000000
      vertex 0.000000 0.495722 0.065263
      vertex -0.012732 0.495722 0.064009
    endloop
  endfacet
  facet normal 0.019077 -0.997838 -0.062888
    outer loop
      vertex 0.000000 0.500000 0.000000
      vertex -0.012732 0.495722 0.064009
      vertex -0.024975 0.495722 0.060295
    endloop
  endfacet
  facet normal 0.030979 -0.997838 -0.057958
    outer loop
      vertex 0.000000 0.500000 0.000000
      vertex -0.024975 0.495722 0.060295
      vertex -0.036258 0.495722 0.054264
    endloop
  endfacet
  facet normal 0.041691 -0.997838 -0.050801
    outer loop
      vertex 0.000000 0.500000 0.000000
      vertex -0.036258 0.495722 0.054264
      vertex -0.046148 0.495722 0.046148
    endloop
  endfacet
  facet normal 0.050801 -0.997838 -0.041691
    outer loop
      vertex 0.000000 0.500000 0.000000
      vertex -0.046148 0.495722 0.046148
      vertex -0.054264 0.495722 0.036258
    endloop
  endfacet
  facet normal 0.057958 -0.997838 -0.030979
    outer loop
      vertex 0.000000 0.500000 0.000000
      vertex -0.054264 0.495722 0.036258
      vertex -0.060295 0.495722 0.024975
    endloop
  endfacet
  facet normal 0.062888 -0.997838 -0.019077
    outer loop
      vertex 0.000000 0.500000 0.000000
      vertex -0.060295 0.495722 0.024975
      vertex -0.064009 0.495722 0.012732
    endloop
  endfacet
  facet normal 0.065402 -0.997838 -0.006442
    outer loop
      vertex 0.000000 0.500000 0.000000
      vertex -0.064009 0.495722 0.012732
      vertex -0.065263 0.495722 0.000000
    endloop
  endfacet
  facet normal 0.065402 -0.997838 0.006442
    outer loop
      vertex 0.000000 0.500000 0.000000
      vertex -0.065263 0.495722 0.000000
      vertex -0.064009 0.495722 -0.012732
    endloop
  endfacet
  facet normal 0.062888 -0.997838 0.019077
    outer loop
      vertex 0.000000 0.500000 0.000000
      vertex -0.064009 0.495722 -0.012732
      vertex -0.060295 0.495722 -0.024975
    endloop
  endfacet
  facet normal 0.057958 -0.997838 0.030979
    outer loop
      vertex 0.000000 0.500000 0.000000
      vertex -0.060295 0.495722 -0.024975
      vertex -0.054264 0.495722 -0.036258
    endloop
  endfacet
  facet normal 0.050801 -0.997838 0.041691
    outer loop
      vertex 0.000000 0.500000 0.000000
      vertex -0.054264 0.495722 -0.036258
      vertex -0.046148 0.495722 -0.046148
    endloop
  endfacet
  facet normal 0.041691 -0.997838 0.050801
    outer loop
      vertex 0.000000 0.500000 0.000000
      vertex -0.046148 0.495722 -0.046148
      vertex -0.036258 0.495722 -0.054264
    endloop
  endfacet
  facet normal 0.030979 -0.997838 0.057958
    outer loop
      vertex 0.000000 0.500000 0.000000
      vertex -0.036258 0.495722 -0.054264
      vertex -0.024975 0.495722 -0.060295
    endloop
  endfacet
  facet normal 0.019077 -0.997838 0.062888
    outer loop
      vertex 0.000000 0.500000 0.000000
      vertex -0.024975 0.495722 -0.060295
      vertex -0.012732 0.495722 -0.064009
    endloop
  endfacet
  facet normal 0.006442 -0.997838 0.065402
    outer loop
      vertex 0.000000 0.500000 0.000000
      vertex -0.012732 0.495722 -0.064009
      vertex -0.000000 0.495722 -0.065263
    endloop
  endfacet
  facet normal -0.006442 -0.997838 0.065402
    outer loop
      vertex 0.000000 0.500000 0.000000
      vertex -0.000000 0.495722 -0.065263
      vertex 0.012732 0.495722 -0.064009
    endloop
  endfacet
  facet normal -0.019077 -0.997838 0.062888
    outer loop
      vertex 0.000000 0.500000 0.000000
      vertex 0.012732 0.495722 -0.064009
      vertex 0.024975 0.495722 -0.060295
    endloop
  endfacet
  facet normal -0.030979 -0.997838 0.057958
    outer loop
      vertex 0.000000 0.500000 0.000000
      vertex 0.024975 0.495722 -0.060295
      vertex 0.036258 0.495722 -0.054264
    endloop
  endfacet
  facet normal -0.041691 -0.997838 0.050801
    outer loop
      vertex 0.000000 0.500000 0.000000
      vertex 0.036258 0.495722 -0.054264
      vertex 0.046148 0.495722 -0.046148
    endloop
  endfacet
  facet normal -0.050801 -0.997838 0.041691
    outer loop
      vertex 0.000000 0.500000 0.000000
      vertex 0.046148 0.495722 -0.046148
      vertex 0.054264 0.495722 -0.036258
    endloop
  endfacet
  facet normal -0.057958 -0.997838 0.030979
    outer loop
      vertex 0.000000 0.500000 0.000000
      vertex 0.054264 0.495722 -0.036258
      vertex 0.060295 0.495722 -0.024975
    endloop
  endfacet
  facet normal -0.062888 -0.997838 0.019077
    outer loop
      vertex 0.000000 0.500000 0.000000
      vertex 0.060295 0.495722 -0.024975
      vertex 0.064009 0.495722 -0.012732
    endloop
  endfacet
  facet normal -0.065402 -0.997838 0.006442
    outer loop
      vertex 0.000000 0.500000 0.000000
      vertex 0.064009 0.495722 -0.012732
      vertex 0.065263 0.495722 -0.000000
    endloop
  endfacet
  facet normal -0.195054 -0.980604 -0.019211
    outer loop
      vertex 0.065263 0.495722 0.000000
      vertex 0.129410 0.482963 0.000000
      vertex 0.064009 0.495722 0.012732
    endloop
  endfacet
  facet normal -0.195054 -0.980604 -0.019211
    outer loop
      vertex 0.064009 0.495722 0.012732
      vertex 0.129410 0.482963 0.000000
      vertex 0.126923 0.482963 0.025247
    endloop
  endfacet
  facet normal -0.187558 -0.980604 -0.056895
    outer loop
      vertex 0.064009 0.495722 0.012732
      vertex 0.126923 0.482963 0.025247
      vertex 0.060295 0.495722 0.024975
    endloop
  endfacet
  facet normal -0.187558 -0.980604 -0.056895
    outer loop
      vertex 0.060295 0.495722 0.024975
      vertex 0.126923 0.482963 0.025247
      vertex 0.119559 0.482963 0.049523
    endloop
  endfacet
  facet normal -0.172855 -0.980604 -0.092393
    outer loop
      vertex 0.060295 0.495722 0.024975
      vertex 0.119559 0.482963 0.049523
      vertex 0.054264 0.495722 0.036258
    endloop
  endfacet
  facet normal -0.172855 -0.980604 -0.092393
    outer loop
      vertex 0.054264 0.495722 0.036258
      vertex 0.119559 0.482963 0.049523
      vertex 0.107600 0.482963 0.071896
    endloop
  endfacet
  facet normal -0.151509 -0.980604 -0.124340
    outer loop
      vertex 0.054264 0.495722 0.036258
      vertex 0.107600 0.482963 0.071896
      vertex 0.046148 0.495722 0.046148
    endloop
  endfacet
  facet normal -0.151509 -0.980604 -0.124340
    outer loop
      vertex 0.046148 0.495722 0.046148
      vertex 0.107600 0.482963 0.071896
      vertex 0.091506 0.482963 0.091506
    endloop
  endfacet
  facet normal -0.124340 -0.980604 -0.151509
    outer loop
      vertex 0.046148 0.495722 0.046148
      vertex 0.091506 0.482963 0.091506
      vertex 0.036258 0.495722 0.054264
    endloop
  endfacet
  facet normal -0.124340 -0.980604 -0.151509
    outer loop
      vertex 0.036258 0.495722 0.054264
      vertex 0.091506 0.482963 0.091506
      vertex 0.071896 0.482963 0.107600
    endloop
  endfacet
  facet normal -0.092393 -0.980604 -0.172855
    outer loop
      vertex 0.036258 0.495722 0.054264
      vertex 0.071896 0.482963 0.107600
      vertex 0.024975 0.495722 0.060295
    endloop
  endfacet
  facet normal -0.092393 -0.980604 -0.172855
    outer loop
      vertex 0.024975 0.495722 0.060295
      vertex 0.071896 0.482963 0.107600
      vertex 0.049523 0.482963 0.119559
    endloop
  endfacet
  facet normal -0.056895 -0.980604 -0.187558
    outer loop
      vertex 0.024975 0.495722 0.060295
      vertex 0.049523 0.482963 0.119559
      vertex 0.012732 0.495722 0.064009
    endloop
  endfacet
  facet normal -0.056895 -0.980604 -0.187558
    outer loop
      vertex 0.012732 0.495722 0.064009
      vertex 0.049523 0.482963 0.119559
      vertex 0.025247 0.482963 0.126923
    endloop
  endfacet
  facet normal -0.019211 -0.980604 -0.195054
    outer loop
      vertex 0.012732 0.495722 0.064009
      vertex 0.025247 0.482963 0.126923
      vertex 0.000000 0.495722 0.065263
    endloop
  endfacet
  facet normal -0.019211 -0.980604 -0.195054
    outer loop
      vertex 0.000000 0.495722 0.065263
      vertex 0.025247 0.482963 0.126923
      vertex 0.000000 0.482963 0.129410
    endloop
  endfacet
  facet normal 0.019211 -0.980604 -0.195054
    outer loop
      vertex 0.000000 0.495722 0.065263
      vertex 0.000000 0.482963 0.129410
      vertex -0.012732 0.495722 0.064009
    endloop
  endfacet
  facet normal 0.019211 -0.980604 -0.195054
    outer loop
      vertex -0.012732 0.495722 0.064009
      vertex 0.000000 0.482963 0.129410
      vertex -0.025247 0.482963 0.126923
    endloop
  endfacet
  facet normal 0.056895 -0.980604 -0.187558
    outer loop
      vertex -0.012732 0.495722 0.064009
      vertex -0.025247 0.482963 0.126923
      vertex -0.024975 0.495722 0.060295
    endloop
  endfacet
  facet normal 0.056895 -0.980604 -0.187558
    outer loop
      vertex -0.024975 0.495722 0.060295
      vertex -0.025247 0.482963 0.126923
      vertex -0.049523 0.482963 0.119559
    endloop
  endfacet
  facet normal 0.092393 -0.980604 -0.172855
    outer loop
      vertex -0.024975 0.495722 0.060295
      vertex -0.049523 0.482963 0.119559
      vertex -0.036258 0.495722 0.054264
    endloop
  endfacet
  facet normal 0.092393 -0.980604 -0.172855
    outer loop
      vertex -0.036258 0.495722 0.054264
      vertex -0.049523 0.482963 0.119559
      vertex -0.071896 0.482963 0.107600
    endloop
  endfacet
  facet normal 0.124340 -0.980604 -0.151509
    outer loop
      vertex -0.036258 0.495722 0.054264
      vertex -0.071896 0.482963 0.107600
      vertex -0.046148 0.495722 0.046148
    endloop
  endfacet
  facet normal 0.124340 -0.980604 -0.151509
    outer loop
      vertex -0.046148 0.495722 0.046148
      vertex -0.071896 0.482963 0.107600
      vertex -0.091506 0.482963 0.091506
    endloop
  endfacet
  facet normal 0.151509 -0.980604 -0.124340
    outer loop
      vertex -0.046148 0.495722 0.046148
      vertex -0.091506 0.482963 0.091506
      vertex -0.054264 0.495722 0.036258
    endloop
  endfacet
  facet normal 0.151509 -0.980604 -0.124340
    outer loop
      vertex -0.054264 0.495722 0.036258
      vertex -0.091506 0.482963 0.091506
      vertex -0.107600 0.482963 0.071896
    endloop
  endfacet
  facet normal 0.172855 -0.980604 -0.092393
    outer loop
      vertex -0.054264 0.495722 0.036258
      vertex -0.107600 0.482963 0.071896
      vertex -0.060295 0.495722 0.024975
    endloop
  endfacet
  facet normal 0.172855 -0.980604 -0.092393
    outer loop
      vertex -0.060295 0.495722 0.024975
      vertex -0.107600 0.482963 0.071896
      vertex -0.119559 0.482963 0.049523
    endloop
  endfacet
  facet normal 0.187558 -0.980604 -0.056895
    outer loop
      vertex -0.060295 0.495722 0.024975
      vertex -0.119559 0.482963 0.049523
      vertex -0.064009 0.495722 0.012732
    endloop
  endfacet
  facet normal 0.187558 -0.980604 -0.056895
    outer loop
      vertex -0.064009 0.495722 0.012732
      vertex -0.119559 0.482963 0.049523
      vertex -0.126923 0.482963 0.025247
    endloop
  endfacet
  facet normal 0.195054 -0.980604 -0.019211
    outer loop
      vertex -0.064009 0.495722 0.012732
      vertex -0.126923 0.482963 0.025247
      vertex -0.065263 0.495722 0.000000
    endloop
  endfacet
  facet normal 0.195054 -0.980604 -0.019211
    outer loop
      vertex -0.065263 0.495722 0.000000
      vertex -0.126923 0.482963 0.025247
      vertex -0.129410 0.482963 0.000000
    endloop
  endfacet
  facet normal 0.195054 -0.980604 0.019211
    outer loop
      vertex -0.065263 0.495722 0.000000
      vertex -0.129410 0.482963 0.000000
      vertex -0.064009 0.495722 -0.012732
    endloop
  endfacet
  facet normal 0.195054 -0.980604 0.019211
    outer loop
      vertex -0.064009 0.495722 -0.012732
      vertex -0.129410 0.482963 0.000000
      vertex -0.126923 0.482963 -0.025247
    endloop
  endfacet
  facet normal 0.187558 -0.980604 0.056895
    outer loop
      vertex -0.064009 0.495722 -0.012732
      vertex -0.126923 0.482963 -0.025247
      vertex -0.060295 0.495722 -0.024975
    endloop
  endfacet
  facet normal 0.187558 -0.980604 0.056895
    outer loop
      vertex -0.060295 0.495722 -0.024975
      vertex -0.126923 0.482963 -0.025247
      vertex -0.119559 0.482963 -0.049523
    endloop
  endfacet
  facet normal 0.172855 -0.980604 0.092393
    outer loop
      vertex -0.060295 0.495722 -0.024975
      vertex -0.119559 0.482963 -0.049523
      vertex -0.054264 0.495722 -0.036258
    endloop
  endfacet
  facet normal 0.172855 -0.980604 0.092393
    outer loop
      vertex -0.054264 0.495722 -0.036258
      vertex -0.119559 0.482963 -0.049523
      vertex -0.107600 0.482963 -0.071896
    endloop
  endfacet
  facet normal 0.151509 -0.980604 0.124340
    outer loop
      vertex -0.054264 0.495722 -0.036258
      vertex -0.107600 0.482963 -0.071896
      vertex -0.046148 0.495722 -0.046148
    endloop
  endfacet
  facet normal 0.151509 -0.980604 0.124340
    outer loop
      vertex -0.046148 0.495722 -0.046148
      vertex -0.107600 0.482963 -0.071896
      vertex -0.091506 0.482963 -0.091506
    endloop
  endfacet
  facet normal 0.124340 -0.980604 0.151509
    outer loop
      vertex -0.046148 0.495722 -0.046148
      vertex -0.091506 0.482963 -0.091506
      vertex -0.036258 0.495722 -0.054264
    endloop
  endfacet
  facet normal 0.124340 -0.980604 0.151509
    outer loop
      vertex -0.036258 0.495722 -0.054264
      vertex -0.091506 0.482963 -0.091506
      vertex -0.071896 0.482963 -0.107600
    endloop
  endfacet
  facet normal 0.092393 -0.980604 0.172855
    outer loop
      vertex -0.036258 0.495722 -0.054264
      vertex -0.071896 0.482963 -0.107600
      vertex -0.024975 0.495722 -0.060295
    endloop
  endfacet
  facet normal 0.092393 -0.980604 0.172855
    outer loop
      vertex -0.024975 0.495722 -0.060295
      vertex -0.071896 0.482963 -0.107600
      vertex -0.049523 0.482963 -0.119559
    endloop
  endfacet
  facet normal 0.056895 -0.980604 0.187558
    outer loop
      vertex -0.024975 0.495722 -0.060295
      vertex -0.049523 0.482963 -0.119559
      vertex -0.012732 0.495722 -0.064009
    endloop
  endfacet
  facet normal 0.056895 -0.980604 0.187558
    outer loop
      vertex -0.012732 0.495722 -0.064009
      vertex -0.049523 0.482963 -0.119559
      vertex -0.025247 0.482963 -0.126923
    endloop
  endfacet
  facet normal 0.019211 -0.980604 0.195054
    outer loop
      vertex -0.012732 0.495722 -0.064009
      vertex -0.025247 0.482963 -0.126923
      vertex -0.000000 0.495722 -0.065263
    endloop
  endfacet
  facet normal 0.019211 -0.980604 0.195054
    outer loop
      vertex -0.000000 0.495722 -0.065263
      vertex -0.025247 0.482963 -0.126923
      vertex -0.000000 0.482963 -0.129410
    endloop
  endfacet
  facet normal -0.019211 -0.980604 0.195054
    outer loop
      vertex -0.000000 0.495722 -0.065263
      vertex -0.000000 0.482963 -0.129410
      vertex 0.012732 0.495722 -0.064009
    endloop
  endfacet
  facet normal -0.019211 -0.980604 0.195054
    outer loop
      vertex 0.012732 0.495722 -0.064009
      vertex -0.000000 0.482963 -0.129410
      vertex 0.025247 0.482963 -0.126923
    endloop
  endfacet
  facet normal -0.056895 -0.980604 0.187558
    outer loop
      vertex 0.012732 0.495722 -0.064009
      vertex 0.025247 0.482963 -0.126923
      vertex 0.024975 0.495722 -0.060295
    endloop
  endfacet
  facet normal -0.056895 -0.980604 0.187558
    outer loop
      vertex 0.024975 0.495722 -0.060295
      vertex 0.025247 0.482963 -0.126923
      vertex 0.049523 0.482963 -0.119559
    endloop
  endfacet
  facet normal -0.092393 -0.980604 0.172855
    outer loop
      vertex 0.024975 0.495722 -0.060295
      vertex 0.049523 0.482963 -0.119559
      vertex 0.036258 0.495722 -0.054264
    endloop
  endfacet
  facet normal -0.092393 -0.980604 0.172855
    outer loop
      vertex 0.036258 0.495722 -0.054264
      vertex 0.049523 0.482963 -0.119559
      vertex 0.071896 0.482963 -0.107600
    endloop
  endfacet
  facet normal -0.124340 -0.980604 0.151509
    outer loop
      vertex 0.036258 0.495722 -0.054264
      vertex 0.071896 0.482963 -0.107600
      vertex 0.046148 0.495722 -0.046148
    endloop
  endfacet
  facet normal -0.124340 -0.980604 0.151509
    outer loop
      vertex 0.046148 0.495722 -0.046148
      vertex 0.071896 0.482963 -0.107600
      vertex 0.091506 0.482963 -0.091506
    endloop
  endfacet
  facet normal -0.151509 -0.980604 0.124340
    outer loop
      vertex 0.046148 0.495722 -0.046148
      vertex 0.091506 0.482963 -0.091506
      vertex 0.054264 0.495722 -0.036258
    endloop
  endfacet
  facet normal -0.151509 -0.980604 0.124340
    outer loop
      vertex 0.054264 0.495722 -0.036258
      vertex 0.091506 0.482963 -0.091506
      vertex 0.107600 0.482963 -0.071896
    endloop
  endfacet
  facet normal -0.172855 -0.980604 0.092393
    outer loop
      vertex 0.054264 0.495722 -0.036258
      vertex 0.107600 0.482963 -0.071896
      vertex 0.060295 0.495722 -0.024975
    endloop
  endfacet
  facet normal -0.172855 -0.980604 0.092393
    outer loop
      vertex 0.060295 0.495722 -0.024975
      vertex 0.107600 0.482963 -0.071896
      vertex 0.119559 0.482963 -0.049523
    endloop
  endfacet
  facet normal -0.187558 -0.980604 0.056895
    outer loop
      vertex 0.060295 0.495722 -0.024975
      vertex 0.119559 0.482963 -0.049523
      vertex 0.064009 0.495722 -0.012732
    endloop
  endfacet
  facet normal -0.187558 -0.980604 0.056895
    outer loop
      vertex 0.064009 0.495722 -0.012732
      vertex 0.119559 0.482963 -0.049523
      vertex 0.126923 0.482963 -0.025247
    endloop
  endfacet
  facet normal -0.195054 -0.980604 0.019211
    outer loop
      vertex 0.064009 0.495722 -0.012732
      vertex 0.126923 0.482963 -0.025247
      vertex 0.065263 0.495722 -0.000000
    endloop
  endfacet
  facet normal -0.195054 -0.980604 0.019211
    outer loop
      vertex 0.065263 0.495722 -0.000000
      vertex 0.126923 0.482963 -0.025247
      vertex 0.129410 0.482963 -0.000000
    endloop
  endfacet
  facet normal -0.321278 -0.946456 -0.031643
    outer loop
      vertex 0.129410 0.482963 0.000000
      vertex 0.191342 0.461940 0.000000
      vertex 0.126923 0.482963 0.025247
    endloop
  endfacet
  facet normal -0.321278 -0.946456 -0.031643
    outer loop
      vertex 0.126923 0.482963 0.025247
      vertex 0.191342 0.461940 0.000000
      vertex 0.187665 0.461940 0.037329
    endloop
  endfacet
  facet normal -0.308932 -0.946456 -0.093713
    outer loop
      vertex 0.126923 0.482963 0.025247
      vertex 0.187665 0.461940 0.037329
      vertex 0.119559 0.482963 0.049523
    endloop
  endfacet
  facet normal -0.308932 -0.946456 -0.093713
    outer loop
      vertex 0.119559 0.482963 0.049523
      vertex 0.187665 0.461940 0.037329
      vertex 0.176777 0.461940 0.073223
    endloop
  endfacet
  facet normal -0.284713 -0.946456 -0.152182
    outer loop
      vertex 0.119559 0.482963 0.049523
      vertex 0.176777 0.461940 0.073223
      vertex 0.107600 0.482963 0.071896
    endloop
  endfacet
  facet normal -0.284713 -0.946456 -0.152182
    outer loop
      vertex 0.107600 0.482963 0.071896
      vertex 0.176777 0.461940 0.073223
      vertex 0.159095 0.461940 0.106304
    endloop
  endfacet
  facet normal -0.249553 -0.946456 -0.204803
    outer loop
      vertex 0.107600 0.482963 0.071896
      vertex 0.159095 0.461940 0.106304
      vertex 0.091506 0.482963 0.091506
    endloop
  endfacet
  facet normal -0.249553 -0.946456 -0.204803
    outer loop
      vertex 0.091506 0.482963 0.091506
      vertex 0.159095 0.461940 0.106304
      vertex 0.135299 0.461940 0.135299
    endloop
  endfacet
  facet normal -0.204803 -0.946456 -0.249553
    outer loop
      vertex 0.091506 0.482963 0.091506
      vertex 0.135299 0.461940 0.135299
      vertex 0.071896 0.482963 0.107600
    endloop
  endfacet
  facet normal -0.204803 -0.946456 -0.249553
    outer loop
      vertex 0.071896 0.482963 0.107600
      vertex 0.135299 0.461940 0.135299
      vertex 0.106304 0.461940 0.159095
    endloop
  endfacet
  facet normal -0.152182 -0.946456 -0.284713
    outer loop
      vertex 0.071896 0.482963 0.107600
      vertex 0.106304 0.461940 0.159095
      vertex 0.049523 0.482963 0.119559
    endloop
  endfacet
  facet normal -0.152182 -0.946456 -0.284713
    outer loop
      vertex 0.049523 0.482963 0.119559
      vertex 0.106304 0.461940 0.159095
      vertex 0.073223 0.461940 0.176777
    endloop
  endfacet
  facet normal -0.093713 -0.946456 -0.308932
    outer loop
      vertex 0.049523 0.482963 0.119559
      vertex 0.073223 0.461940 0.176777
      vertex 0.025247 0.482963 0.126923
    endloop
  endfacet
  facet normal -0.093713 -0.946456 -0.308932
    outer loop
      vertex 0.025247 0.482963 0.126923
      vertex 0.073223 0.461940 0.176777
      vertex 0.037329 0.461940 0.187665
    endloop
  endfacet
  facet normal -0.031643 -0.946456 -0.321278
    outer loop
      vertex 0.025247 0.482963 0.126923
      vertex 0.037329 0.461940 0.187665
      vertex 0.000000 0.482963 0.129410
    endloop
  endfacet
  facet normal -0.031643 -0.946456 -0.321278
    outer loop
      vertex 0.000000 0.482963 0.129410
      vertex 0.037329 0.461940 0.187665
      vertex 0.000000 0.461940 0.191342
    endloop
  endfacet
  facet normal 0.031643 -0.946456 -0.321278
    outer loop
      vertex 0.000000 0.482963 0.129410
      vertex 0.000000 0.461940 0.191342
      vertex -0.025247 0.482963 0.126923
    endloop
  endfacet
  facet normal 0.031643 -0.946456 -0.321278
    outer loop
      vertex -0.025247 0.482963 0.126923
      vertex 0.000000 0.461940 0.191342
      vertex -0.037329 0.461940 0.187665
    endloop
  endfacet
  facet normal 0.093713 -0.946456 -0.308932
    outer loop
      vertex -0.025247 0.482963 0.126923
      vertex -0.037329 0.461940 0.187665
      vertex -0.049523 0.482963 0.119559
    endloop
  endfacet
  facet normal 0.093713 -0.946456 -0.308932
    outer loop
      vertex -0.049523 0.482963 0.119559
      vertex -0.037329 0.461940 0.187665
      vertex -0.073223 0.461940 0.176777
    endloop
  endfacet
  facet normal 0.152182 -0.946456 -0.284713
    outer loop
      vertex -0.049523 0.482963 0.119559
      vertex -0.073223 0.461940 0.176777
      vertex -0.071896 0.482963 0.107600
    endloop
  endfacet
  facet normal 0.152182 -0.946456 -0.284713
    outer loop
      vertex -0.071896 0.482963 0.107600
      vertex -0.073223 0.461940 0.176777
      vertex -0.106304 0.461940 0.159095
    endloop
  endfacet
  facet normal 0.204803 -0.946456 -0.249553
    outer loop
      vertex -0.071896 0.482963 0.107600
      vertex -0.106304 0.461940 0.159095
      vertex -0.091506 0.482963 0.091506
    endloop
  endfacet
  facet normal 0.204803 -0.946456 -0.249553
    outer loop
      vertex -0.091506 0.482963 0.091506
      vertex -0.106304 0.461940 0.159095
      vertex -0.135299 0.461940 0.135299
    endloop
  endfacet
  facet normal 0.249553 -0.946456 -0.204803
    outer loop
      vertex -0.091506 0.482963 0.091506
      vertex -0.135299 0.461940 0.135299
      vertex -0.107600 0.482963 0.071896
    endloop
  endfacet
  facet normal 0.249553 -0.946456 -0.204803
    outer loop
      vertex -0.107600 0.482963 0.071896
      vertex -0.135299 0.461940 0.135299
      vertex -0.159095 0.461940 0.106304
    endloop
  endfacet
  facet normal 0.284713 -0.946456 -0.152182
    outer loop
      vertex -0.107600 0.482963 0.071896
      vertex -0.159095 0.461940 0.106304
      vertex -0.119559 0.482963 0.049523
    endloop
  endfacet
  facet normal 0.284713 -0.946456 -0.152182
    outer loop
      vertex -0.119559 0.482963 0.049523
      vertex -0.159095 0.461940 0.106304
      vertex -0.176777 0.461940 0.073223
    endloop
  endfacet
  facet normal 0.308932 -0.946456 -0.093713
    outer loop
      vertex -0.119559 0.482963 0.049523
      vertex -0.176777 0.461940 0.073223
      vertex -0.126923 0.482963 0.025247
    endloop
  endfacet
  facet normal 0.308932 -0.946456 -0.093713
    outer loop
      vertex -0.126923 0.482963 0.025247
      vertex -0.176777 0.461940 0.073223
      vertex -0.187665 0.461940 0.037329
    endloop
  endfacet
  facet normal 0.321278 -0.946456 -0.031643
    outer loop
      vertex -0.126923 0.482963 0.025247
      vertex -0.187665 0.461940 0.037329
      vertex -0.129410 0.482963 0.000000
    endloop
  endfacet
  facet normal 0.321278 -0.946456 -0.031643
    outer loop
      vertex -0.129410 0.482963 0.000000
      vertex -0.187665 0.461940 0.037329
      vertex -0.191342 0.461940 0.000000
    endloop
  endfacet
  facet normal 0.321278 -0.946456 0.031643
    outer loop
      vertex -0.129410 0.482963 0.000000
      vertex -0.191342 0.461940 0.000000
      vertex -0.126923 0.482963 -0.025247
    endloop
  endfacet
  facet normal 0.321278 -0.946456 0.031643
    outer loop
      vertex -0.126923 0.482963 -0.025247
      vertex -0.191342 0.461940 0.000000
      vertex -0.187665 0.461940 -0.037329
    endloop
  endfacet
  facet normal 0.308932 -0.946456 0.093713
    outer loop
      vertex -0.126923 0.482963 -0.025247
      vertex -0.187665 0.461940 -0.037329
      vertex -0.119559 0.482963 -0.049523
    endloop
  endfacet
  facet normal 0.308932 -0.946456 0.093713
    outer loop
      vertex -0.119559 0.482963 -0.049523
      vertex -0.187665 0.461940 -0.037329
      vertex -0.176777 0.461940 -0.073223
    endloop
  endfacet
  facet normal 0.284713 -0.946456 0.152182
    outer loop
      vertex -0.119559 0.482963 -0.049523
      vertex -0.176777 0.461940 -0.073223
      vertex -0.107600 0.482963 -0.071896
    endloop
  endfacet
  facet normal 0.284713 -0.946456 0.152182
    outer loop
      vertex -0.107600 0.482963 -0.071896
      vertex -0.176777 0.461940 -0.073223
      vertex -0.159095 0.461940 -0.106304
    endloop
  endfacet
  facet normal 0.249553 -0.946456 0.204803
    outer loop
      vertex -0.107600 0.482963 -0.071896
      vertex -0.159095 0.461940 -0.106304
      vertex -0.091506 0.482963 -0.091506
    endloop
  endfacet
  facet normal 0.249553 -0.946456 0.204803
    outer loop
      vertex -0.091506 0.482963 -0.091506
      vertex -0.159095 0.461940 -0.106304
      vertex -0.135299 0.461940 -0.135299
    endloop
  endfacet
  facet normal 0.204803 -0.946456 0.249553
    outer loop
      vertex -0.091506 0.482963 -0.091506
      vertex -0.135299 0.461940 -0.135299
      vertex -0.071896 0.482963 -0.107600
    endloop
  endfacet
  facet normal 0.204803 -0.946456 0.249553
    outer loop
      vertex -0.071896 0.482963 -0.107600
      vertex -0.135299 0.461940 -0.135299
      vertex -0.106304 0.461940 -0.159095
    endloop
  endfacet
  facet normal 0.152182 -0.946456 0.284713
    outer loop
      vertex -0.071896 0.482963 -0.107600
      vertex -0.106304 0.461940 -0.159095
      vertex -0.049523 0.482963 -0.119559
    endloop
  endfacet
  facet normal 0.152182 -0.946456 0.284713
    outer loop
      vertex -0.049523 0.482963 -0.119559
      vertex -0.106304 0.461940 -0.159095
      vertex -0.073223 0.461940 -0.176777
    endloop
  endfacet
  facet normal 0.093713 -0.946456 0.308932
    outer loop
      vertex -0.049523 0.482963 -0.119559
      vertex -0.073223 0.461940 -0.176777
      vertex -0.025247 0.482963 -0.126923
    endloop
  endfacet
  facet normal 0.093713 -0.946456 0.308932
    outer loop
      vertex -0.025247 0.482963 -0.126923
      vertex -0.073223 0.461940 -0.176777
      vertex -0.037329 0.461940 -0.187665
    endloop
  endfacet
  facet normal 0.031643 -0.946456 0.321278
    outer loop
      vertex -0.025247 0.482963 -0.126923
      vertex -0.037329 0.461940 -0.187665
      vertex -0.000000 0.482963 -0.129410
    endloop
  endfacet
  facet normal 0.031643 -0.946456 0.321278
    outer loop
      vertex -0.000000 0.482963 -0.129410
      vertex -0.037329 0.461940 -0.187665
      vertex -0.000000 0.461940 -0.191342
    endloop
  endfacet
  facet normal -0.031643 -0.946456 0.321278
    outer loop
      vertex -0.000000 0.482963 -0.129410
      vertex -0.000000 0.461940 -0.191342
      vertex 0.025247 0.482963 -0.126923
    endloop
  endfacet
  facet normal -0.031643 -0.946456 0.321278
    outer loop
      vertex 0.025247 0.482963 -0.126923
      vertex -0.000000 0.461940 -0.191342
      vertex 0.037329 0.461940 -0.187665
    endloop
  endfacet
  facet normal -0.093713 -0.946456 0.308932
    outer loop
      vertex 0.025247 0.482963 -0.126923
      vertex 0.037329 0.461940 -0.187665
      vertex 0.049523 0.482963 -0.119559
    endloop
  endfacet
  facet normal -0.093713 -0.946456 0.308932
    outer loop
      vertex 0.049523 0.482963 -0.119559
      vertex 0.037329 0.461940 -0.187665
      vertex 0.073223 0.461940 -0.176777
    endloop
  endfacet
  facet normal -0.152182 -0.946456 0.284713
    outer loop
      vertex 0.049523 0.482963 -0.119559
      vertex 0.073223 0.461940 -0.176777
      vertex 0.071896 0.482963 -0.107600
    endloop
  endfacet
  facet normal -0.152182 -0.946456 0.284713
    outer loop
      vertex 0.071896 0.482963 -0.107600
      vertex 0.073223 0.461940 -0.176777
      vertex 0.106304 0.461940 -0.159095
    endloop
  endfacet
  facet normal -0.204803 -0.946456 0.249553
    outer loop
      vertex 0.071896 0.482963 -0.107600
      vertex 0.106304 0.461940 -0.159095
      vertex 0.091506 0.482963 -0.091506
    endloop
  endfacet
  facet normal -0.204803 -0.946456 0.249553
    outer loop
      vertex 0.091506 0.482963 -0.091506
      vertex 0.106304 0.461940 -0.159095
      vertex 0.135299 0.461940 -0.135299
    endloop
  endfacet
  facet normal -0.249553 -0.946456 0.204803
    outer loop
      vertex 0.091506 0.482963 -0.091506
      vertex 0.135299 0.461940 -0.135299
      vertex 0.107600 0.482963 -0.071896
    endloop
  endfacet
  facet normal -0.249553 -0.946456 0.204803
    outer loop
      vertex 0.107600 0.482963 -0.071896
      vertex 0.135299 0.461940 -0.135299
      vertex 0.159095 0.461940 -0.106304
    endloop
  endfacet
  facet normal -0.284713 -0.946456 0.152182
    outer loop
      vertex 0.107600 0.482963 -0.071896
      vertex 0.159095 0.461940 -0.106304
      vertex 0.119559 0.482963 -0.049523
    endloop
  endfacet
  facet normal -0.284713 -0.946456 0.152182
    outer loop
      vertex 0.119559 0.482963 -0.049523
      vertex 0.159095 0.461940 -0.106304
      vertex 0.176777 0.461940 -0.073223
    endloop
  endfacet
  facet normal -0.308932 -0.946456 0.093713
    outer loop
      vertex 0.119559 0.482963 -0.049523
      vertex 0.176777 0.461940 -0.073223
      vertex 0.126923 0.482963 -0.025247
    endloop
  endfacet
  facet normal -0.308932 -0.946456 0.093713
    outer loop
      vertex 0.126923 0.482963 -0.025247
      vertex 0.176777 0.461940 -0.073223
      vertex 0.187665 0.461940 -0.037329
    endloop
  endfacet
  facet normal -0.321278 -0.946456 0.031643
    outer loop
      vertex 0.126923 0.482963 -0.025247
      vertex 0.187665 0.461940 -0.037329
      vertex 0.129410 0.482963 -0.000000
    endloop
  endfacet
  facet normal -0.321278 -0.946456 0.031643
    outer loop
      vertex 0.129410 0.482963 -0.000000
      vertex 0.187665 0.461940 -0.037329
      vertex 0.191342 0.461940 -0.000000
    endloop
  endfacet
  facet normal -0.441870 -0.896023 -0.043520
    outer loop
      vertex 0.191342 0.461940 0.000000
      vertex 0.250000 0.433013 0.000000
      vertex 0.187665 0.461940 0.037329
    endloop
  endfacet
  facet normal -0.441870 -0.896023 -0.043520
    outer loop
      vertex 0.187665 0.461940 0.037329
      vertex 0.250000 0.433013 0.000000
      vertex 0.245196 0.433013 0.048773
    endloop
  endfacet
  facet normal -0.424889 -0.896023 -0.128889
    outer loop
      vertex 0.187665 0.461940 0.037329
      vertex 0.245196 0.433013 0.048773
      vertex 0.176777 0.461940 0.073223
    endloop
  endfacet
  facet normal -0.424889 -0.896023 -0.128889
    outer loop
      vertex 0.176777 0.461940 0.073223
      vertex 0.245196 0.433013 0.048773
      vertex 0.230970 0.433013 0.095671
    endloop
  endfacet
  facet normal -0.391580 -0.896023 -0.209304
    outer loop
      vertex 0.176777 0.461940 0.073223
      vertex 0.230970 0.433013 0.095671
      vertex 0.159095 0.461940 0.106304
    endloop
  endfacet
  facet normal -0.391580 -0.896023 -0.209304
    outer loop
      vertex 0.159095 0.461940 0.106304
      vertex 0.230970 0.433013 0.095671
      vertex 0.207867 0.433013 0.138893
    endloop
  endfacet
  facet normal -0.343223 -0.896023 -0.281675
    outer loop
      vertex 0.159095 0.461940 0.106304
      vertex 0.207867 0.433013 0.138893
      vertex 0.135299 0.461940 0.135299
    endloop
  endfacet
  facet normal -0.343223 -0.896023 -0.281675
    outer loop
      vertex 0.135299 0.461940 0.135299
      vertex 0.207867 0.433013 0.138893
      vertex 0.176777 0.433013 0.176777
    endloop
  endfacet
  facet normal -0.281675 -0.896023 -0.343223
    outer loop
      vertex 0.135299 0.461940 0.135299
      vertex 0.176777 0.433013 0.176777
      vertex 0.106304 0.461940 0.159095
    endloop
  endfacet
  facet normal -0.281675 -0.896023 -0.343223
    outer loop
      vertex 0.106304 0.461940 0.159095
      vertex 0.176777 0.433013 0.176777
      vertex 0.138893 0.433013 0.207867
    endloop
  endfacet
  facet normal -0.209304 -0.896023 -0.391580
    outer loop
      vertex 0.106304 0.461940 0.159095
      vertex 0.138893 0.433013 0.207867
      vertex 0.073223 0.461940 0.176777
    endloop
  endfacet
  facet normal -0.209304 -0.896023 -0.391580
    outer loop
      vertex 0.073223 0.461940 0.176777
      vertex 0.138893 0.433013 0.207867
      vertex 0.095671 0.433013 0.230970
    endloop
  endfacet
  facet normal -0.128889 -0.896023 -0.424889
    outer loop
      vertex 0.073223 0.461940 0.176777
      vertex 0.095671 0.433013 0.230970
      vertex 0.037329 0.461940 0.187665
    endloop
  endfacet
  facet normal -0.128889 -0.896023 -0.424889
    outer loop
      vertex 0.037329 0.461940 0.187665
      vertex 0.095671 0.433013 0.230970
      vertex 0.048773 0.433013 0.245196
    endloop
  endfacet
  facet normal -0.043520 -0.896023 -0.441870
    outer loop
      vertex 0.037329 0.461940 0.187665
      vertex 0.048773 0.433013 0.245196
      vertex 0.000000 0.461940 0.191342
    endloop
  endfacet
  facet normal -0.043520 -0.896023 -0.441870
    outer loop
      vertex 0.000000 0.461940 0.191342
      vertex 0.048773 0.433013 0.245196
      vertex 0.000000 0.433013 0.250000
    endloop
  endfacet
  facet normal 0.043520 -0.896023 -0.441870
    outer loop
      vertex 0.000000 0.461940 0.191342
      vertex 0.000000 0.433013 0.250000
      vertex -0.037329 0.461940 0.187665
    endloop
  endfacet
  facet normal 0.043520 -0.896023 -0.441870
    outer loop
      vertex -0.037329 0.461940 0.187665
      vertex 0.000000 0.433013 0.250000
      vertex -0.048773 0.433013 0.245196
    endloop
  endfacet
  facet normal 0.128889 -0.896023 -0.424889
    outer loop
      vertex -0.037329 0.461940 0.187665
      vertex -0.048773 0.433013 0.245196
      vertex -0.073223 0.461940 0.176777
    endloop
  endfacet
  facet normal 0.128889 -0.896023 -0.424889
    outer loop
      vertex -0.073223 0.461940 0.176777
      vertex -0.048773 0.433013 0.245196
      vertex -0.095671 0.433013 0.230970
    endloop
  endfacet
  facet normal 0.209304 -0.896023 -0.391580
    outer loop
      vertex -0.073223 0.461940 0.176777
      vertex -0.095671 0.433013 0.230970
      vertex -0.106304 0.461940 0.159095
    endloop
  endfacet
  facet normal 0.209304 -0.896023 -0.391580
    outer loop
      vertex -0.106304 0.461940 0.159095
      vertex -0.095671 0.433013 0.230970
      vertex -0.138893 0.433013 0.207867
    endloop
  endfacet
  facet normal 0.281675 -0.896023 -0.343223
    outer loop
      vertex -0.106304 0.461940 0.159095
      vertex -0.138893 0.433013 0.207867
      vertex -0.135299 0.461940 0.135299
    endloop
  endfacet
  facet normal 0.281675 -0.896023 -0.343223
    outer loop
      vertex -0.135299 0.461940 0.135299
      vertex -0.138893 0.433013 0.207867
      vertex -0.176777 0.433013 0.176777
    endloop
  endfacet
  facet normal 0.343223 -0.896023 -0.281675
    outer loop
      vertex -0.135299 0.461940 0.135299
      vertex -0.176777 0.433013 0.176777
      vertex -0.159095 0.461940 0.106304
    endloop
  endfacet
  facet normal 0.343223 -0.896023 -0.281675
    outer loop
      vertex -0.159095 0.461940 0.106304
      vertex -0.176777 0.433013 0.176777
      vertex -0.207867 0.433013 0.138893
    endloop
  endfacet
  facet normal 0.391580 -0.896023 -0.209304
    outer loop
      vertex -0.159095 0.461940 0.106304
      vertex -0.207867 0.433013 0.138893
      vertex -0.176777 0.461940 0.073223
    endloop
  endfacet
  facet normal 0.391580 -0.896023 -0.209304
    outer loop
      vertex -0.176777 0.461940 0.073223
      vertex -0.207867 0.433013 0.138893
      vertex -0.230970 0.433013 0.095671
    endloop
  endfacet
  facet normal 0.424889 -0.896023 -0.128889
    outer loop
      vertex -0.176777 0.461940 0.073223
      vertex -0.230970 0.433013 0.095671
      vertex -0.187665 0.461940 0.037329
    endloop
  endfacet
  facet normal 0.424889 -0.896023 -0.128889
    outer loop
      vertex -0.187665 0.461940 0.037329
      vertex -0.230970 0.433013 0.095671
      vertex -0.245196 0.433013 0.048773
    endloop
  endfacet
  facet normal 0.441870 -0.896023 -0.043520
    outer loop
      vertex -0.187665 0.461940 0.037329
      vertex -0.245196 0.433013 0.048773
      vertex -0.191342 0.461940 0.000000
    endloop
  endfacet
  facet normal 0.441870 -0.896023 -0.043520
    outer loop
      vertex -0.191342 0.461940 0.000000
      vertex -0.245196 0.433013 0.048773
      vertex -0.250000 0.433013 0.000000
    endloop
  endfacet
  facet normal 0.441870 -0.896023 0.043520
    outer loop
      vertex -0.191342 0.461940 0.000000
      vertex -0.250000 0.433013 0.000000
      vertex -0.187665 0.461940 -0.037329
    endloop
  endfacet
  facet normal 0.441870 -0.896023 0.043520
    outer loop
      vertex -0.187665 0.461940 -0.037329
      vertex -0.250000 0.433013 0.000000
      vertex -0.245196 0.433013 -0.048773
    endloop
  endfacet
  facet normal 0.424889 -0.896023 0.128889
    outer loop
      vertex -0.187665 0.461940 -0.037329
      vertex -0.245196 0.433013 -0.048773
      vertex -0.176777 0.461940 -0.073223
    endloop
  endfacet
  facet normal 0.424889 -0.896023 0.128889
    outer loop
      vertex -0.176777 0.461940 -0.073223
      vertex -0.245196 0.433013 -0.048773
      vertex -0.230970 0.433013 -0.095671
    endloop
  endfacet
  facet normal 0.391580 -0.896023 0.209304
    outer loop
      vertex -0.176777 0.461940 -0.073223
      vertex -0.230970 0.433013 -0.095671
      vertex -0.159095 0.461940 -0.106304
    endloop
  endfacet
  facet normal 0.391580 -0.896023 0.209304
    outer loop
      vertex -0.159095 0.461940 -0.106304
      vertex -0.230970 0.433013 -0.095671
      vertex -0.207867 0.433013 -0.138893
    endloop
  endfacet
  facet normal 0.343223 -0.896023 0.281675
    outer loop
      vertex -0.159095 0.461940 -0.106304
      vertex -0.207867 0.433013 -0.138893
      vertex -0.135299 0.461940 -0.135299
    endloop
  endfacet
  facet normal 0.343223 -0.896023 0.281675
    outer loop
      vertex -0.135299 0.461940 -0.135299
      vertex -0.207867 0.433013 -0.138893
      vertex -0.176777 0.433013 -0.176777
    endloop
  endfacet
  facet normal 0.281675 -0.896023 0.343223
    outer loop
      vertex -0.135299 0.461940 -0.135299
      vertex -0.176777 0.433013 -0.176777
      vertex -0.106304 0.461940 -0.159095
    endloop
  endfacet
  facet normal 0.281675 -0.896023 0.343223
    outer loop
      vertex -0.106304 0.461940 -0.159095
      vertex -0.176777 0.433013 -0.176777
      vertex -0.138893 0.433013 -0.207867
    endloop
  endfacet
  facet normal 0.209304 -0.896023 0.391580
    outer loop
      vertex -0.106304 0.461940 -0.159095
      vertex -0.138893 0.433013 -0.207867
      vertex -0.073223 0.461940 -0.176777
    endloop
  endfacet
  facet normal 0.209304 -0.896023 0.391580
    outer loop
      vertex -0.073223 0.461940 -0.176777
      vertex -0.138893 0.433013 -0.207867
      vertex -0.095671 0.433013 -0.230970
    endloop
  endfacet
  facet normal 0.128889 -0.896023 0.424889
    outer loop
      vertex -0.073223 0.461940 -0.176777
      vertex -0.095671 0.433013 -0.230970
      vertex -0.037329 0.461940 -0.187665
    endloop
  endfacet
  facet normal 0.128889 -0.896023 0.424889
    outer loop
      vertex -0.037329 0.461940 -0.187665
      vertex -0.095671 0.433013 -0.230970
      vertex -0.048773 0.433013 -0.245196
    endloop
  endfacet
  facet normal 0.043520 -0.896023 0.441870
    outer loop
      vertex -0.037329 0.461940 -0.187665
      vertex -0.048773 0.433013 -0.245196
      vertex -0.000000 0.461940 -0.191342
    endloop
  endfacet
  facet normal 0.043520 -0.896023 0.441870
    outer loop
      vertex -0.000000 0.461940 -0.191342
      vertex -0.048773 0.433013 -0.245196
      vertex -0.000000 0.433013 -0.250000
    endloop
  endfacet
  facet normal -0.043520 -0.896023 0.441870
    outer loop
      vertex -0.000000 0.461940 -0.191342
      vertex -0.000000 0.433013 -0.250000
      vertex 0.037329 0.461940 -0.187665
    endloop
  endfacet
  facet normal -0.043520 -0.896023 0.441870
    outer loop
      vertex 0.037329 0.461940 -0.187665
      vertex -0.000000 0.433013 -0.250000
      vertex 0.048773 0.433013 -0.245196
    endloop
  endfacet
  facet normal -0.128889 -0.896023 0.424889
    outer loop
      vertex 0.037329 0.461940 -0.187665
      vertex 0.048773 0.433013 -0.245196
      vertex 0.073223 0.461940 -0.176777
    endloop
  endfacet
  facet normal -0.128889 -0.896023 0.424889
    outer loop
      vertex 0.073223 0.461940 -0.176777
      vertex 0.048773 0.433013 -0.245196
      vertex 0.095671 0.433013 -0.230970
    endloop
  endfacet
  facet normal -0.209304 -0.896023 0.391580
    outer loop
      vertex 0.073223 0.461940 -0.176777
      vertex 0.095671 0.433013 -0.230970
      vertex 0.106304 0.461940 -0.159095
    endloop
  endfacet
  facet normal -0.209304 -0.896023 0.391580
    outer loop
      vertex 0.106304 0.461940 -0.159095
      vertex 0.095671 0.433013 -0.230970
      vertex 0.138893 0.433013 -0.207867
    endloop
  endfacet
  facet normal -0.281675 -0.896023 0.343223
    outer loop
      vertex 0.106304 0.461940 -0.159095
      vertex 0.138893 0.433013 -0.207867
      vertex 0.135299 0.461940 -0.135299
    endloop
  endfacet
  facet normal -0.281675 -0.896023 0.343223
    outer loop
      vertex 0.135299 0.461940 -0.135299
      vertex 0.138893 0.433013 -0.207867
      vertex 0.176777 0.433013 -0.176777
    endloop
  endfacet
  facet normal -0.343223 -0.896023 0.281675
    outer loop
      vertex 0.135299 0.461940 -0.135299
      vertex 0.176777 0.433013 -0.176777
      vertex 0.159095 0.461940 -0.106304
    endloop
  endfacet
  facet normal -0.343223 -0.896023 0.281675
    outer loop
      vertex 0.159095 0.461940 -0.106304
      vertex 0.176777 0.433013 -0.176777
      vertex 0.207867 0.433013 -0.138893
    endloop
  endfacet
  facet normal -0.391580 -0.896023 0.209304
    outer loop
      vertex 0.159095 0.461940 -0.106304
      vertex 0.207867 0.433013 -0.138893
      vertex 0.176777 0.461940 -0.073223
    endloop
  endfacet
  facet normal -0.391580 -0.896023 0.209304
    outer loop
      vertex 0.176777 0.461940 -0.073223
      vertex 0.207867 0.433013 -0.138893
      vertex 0.230970 0.433013 -0.095671
    endloop
  endfacet
  facet normal -0.424889 -0.896023 0.128889
    outer loop
      vertex 0.176777 0.461940 -0.073223
      vertex 0.230970 0.433013 -0.095671
      vertex 0.187665 0.461940 -0.037329
    endloop
  endfacet
  facet normal -0.424889 -0.896023 0.128889
    outer loop
      vertex 0.187665 0.461940 -0.037329
      vertex 0.230970 0.433013 -0.095671
      vertex 0.245196 0.433013 -0.048773
    endloop
  endfacet
  facet normal -0.441870 -0.896023 0.043520
    outer loop
      vertex 0.187665 0.461940 -0.037329
      vertex 0.245196 0.433013 -0.048773
      vertex 0.191342 0.461940 -0.000000
    endloop
  endfacet
  facet normal -0.441870 -0.896023 0.043520
    outer loop
      vertex 0.191342 0.461940 -0.000000
      vertex 0.245196 0.433013 -0.048773
      vertex 0.250000 0.433013 -0.000000
    endloop
  endfacet
  facet normal -0.554740 -0.830228 -0.054637
    outer loop
      vertex 0.250000 0.433013 0.000000
      vertex 0.304381 0.396677 0.000000
      vertex 0.245196 0.433013 0.048773
    endloop
  endfacet
  facet normal -0.554740 -0.830228 -0.054637
    outer loop
      vertex 0.245196 0.433013 0.048773
      vertex 0.304381 0.396677 0.000000
      vertex 0.298532 0.396677 0.059382
    endloop
  endfacet
  facet normal -0.533422 -0.830228 -0.161812
    outer loop
      vertex 0.245196 0.433013 0.048773
      vertex 0.298532 0.396677 0.059382
      vertex 0.230970 0.433013 0.095671
    endloop
  endfacet
  facet normal -0.533422 -0.830228 -0.161812
    outer loop
      vertex 0.230970 0.433013 0.095671
      vertex 0.298532 0.396677 0.059382
      vertex 0.281211 0.396677 0.116481
    endloop
  endfacet
  facet normal -0.491605 -0.830228 -0.262768
    outer loop
      vertex 0.230970 0.433013 0.095671
      vertex 0.281211 0.396677 0.116481
      vertex 0.207867 0.433013 0.138893
    endloop
  endfacet
  facet normal -0.491605 -0.830228 -0.262768
    outer loop
      vertex 0.207867 0.433013 0.138893
      vertex 0.281211 0.396677 0.116481
      vertex 0.253083 0.396677 0.169105
    endloop
  endfacet
  facet normal -0.430895 -0.830228 -0.353626
    outer loop
      vertex 0.207867 0.433013 0.138893
      vertex 0.253083 0.396677 0.169105
      vertex 0.176777 0.433013 0.176777
    endloop
  endfacet
  facet normal -0.430895 -0.830228 -0.353626
    outer loop
      vertex 0.176777 0.433013 0.176777
      vertex 0.253083 0.396677 0.169105
      vertex 0.215230 0.396677 0.215230
    endloop
  endfacet
  facet normal -0.353626 -0.830228 -0.430895
    outer loop
      vertex 0.176777 0.433013 0.176777
      vertex 0.215230 0.396677 0.215230
      vertex 0.138893 0.433013 0.207867
    endloop
  endfacet
  facet normal -0.353626 -0.830228 -0.430895
    outer loop
      vertex 0.138893 0.433013 0.207867
      vertex 0.215230 0.396677 0.215230
      vertex 0.169105 0.396677 0.253083
    endloop
  endfacet
  facet normal -0.262768 -0.830228 -0.491605
    outer loop
      vertex 0.138893 0.433013 0.207867
      vertex 0.169105 0.396677 0.253083
      vertex 0.095671 0.433013 0.230970
    endloop
  endfacet
  facet normal -0.262768 -0.830228 -0.491605
    outer loop
      vertex 0.095671 0.433013 0.230970
      vertex 0.169105 0.396677 0.253083
      vertex 0.116481 0.396677 0.281211
    endloop
  endfacet
  facet normal -0.161812 -0.830228 -0.533422
    outer loop
      vertex 0.095671 0.433013 0.230970
      vertex 0.116481 0.396677 0.281211
      vertex 0.048773 0.433013 0.245196
    endloop
  endfacet
  facet normal -0.161812 -0.830228 -0.533422
    outer loop
      vertex 0.048773 0.433013 0.245196
      vertex 0.116481 0.396677 0.281211
      vertex 0.059382 0.396677 0.298532
    endloop
  endfacet
  facet normal -0.054637 -0.830228 -0.554740
    outer loop
      vertex 0.048773 0.433013 0.245196
      vertex 0.059382 0.396677 0.298532
      vertex 0.000000 0.433013 0.250000
    endloop
  endfacet
  facet normal -0.054637 -0.830228 -0.554740
    outer loop
      vertex 0.000000 0.433013 0.250000
      vertex 0.059382 0.396677 0.298532
      vertex 0.000000 0.396677 0.304381
    endloop
  endfacet
  facet normal 0.054637 -0.830228 -0.554740
    outer loop
      vertex 0.000000 0.433013 0.250000
      vertex 0.000000 0.396677 0.304381
      vertex -0.048773 0.433013 0.245196
    endloop
  endfacet
  facet normal 0.054637 -0.830228 -0.554740
    outer loop
      vertex -0.048773 0.433013 0.245196
      vertex 0.000000 0.396677 0.304381
      vertex -0.059382 0.396677 0.298532
    endloop
  endfacet
  facet normal 0.161812 -0.830228 -0.533422
    outer loop
      vertex -0.048773 0.433013 0.245196
      vertex -0.059382 0.396677 0.298532
      vertex -0.095671 0.433013 0.230970
    endloop
  endfacet
  facet normal 0.161812 -0.830228 -0.533422
    outer loop
      vertex -0.095671 0.433013 0.230970
      vertex -0.059382 0.396677 0.298532
      vertex -0.116481 0.396677 0.281211
    endloop
  endfacet
  facet normal 0.262768 -0.830228 -0.491605
    outer loop
      vertex -0.095671 0.433013 0.230970
      vertex -0.116481 0.396677 0.281211
      vertex -0.138893 0.433013 0.207867
    endloop
  endfacet
  facet normal 0.262768 -0.830228 -0.491605
    outer loop
      vertex -0.138893 0.433013 0.207867
      vertex -0.116481 0.396677 0.281211
      vertex -0.169105 0.396677 0.253083
    endloop
  endfacet
  facet normal 0.353626 -0.830228 -0.430895
    outer loop
      vertex -0.138893 0.433013 0.207867
      vertex -0.169105 0.396677 0.253083
      vertex -0.176777 0.433013 0.176777
    endloop
  endfacet
  facet normal 0.353626 -0.830228 -0.430895
    outer loop
      vertex -0.176777 0.433013 0.176777
      vertex -0.169105 0.396677 0.253083
      vertex -0.215230 0.396677 0.215230
    endloop
  endfacet
  facet normal 0.430895 -0.830228 -0.353626
    outer loop
      vertex -0.176777 0.433013 0.176777
      vertex -0.215230 0.396677 0.215230
      vertex -0.207867 0.433013 0.138893
    endloop
  endfacet
  facet normal 0.430895 -0.830228 -0.353626
    outer loop
      vertex -0.207867 0.433013 0.138893
      vertex -0.215230 0.396677 0.215230
      vertex -0.253083 0.396677 0.169105
    endloop
  endfacet
  facet normal 0.491605 -0.830228 -0.262768
    outer loop
      vertex -0.207867 0.433013 0.138893
      vertex -0.253083 0.396677 0.169105
      vertex -0.230970 0.433013 0.095671
    endloop
  endfacet
  facet normal 0.491605 -0.830228 -0.262768
    outer loop
      vertex -0.230970 0.433013 0.095671
      vertex -0.253083 0.396677 0.169105
      vertex -0.281211 0.396677 0.116481
    endloop
  endfacet
  facet normal 0.533422 -0.830228 -0.161812
    outer loop
      vertex -0.230970 0.433013 0.095671
      vertex -0.281211 0.396677 0.116481
      vertex -0.245196 0.433013 0.048773
    endloop
  endfacet
  facet normal 0.533422 -0.830228 -0.161812
    outer loop
      vertex -0.245196 0.433013 0.048773
      vertex -0.281211 0.396677 0.116481
      vertex -0.298532 0.396677 0.059382
    endloop
  endfacet
  facet normal 0.554740 -0.830228 -0.054637
    outer loop
      vertex -0.245196 0.433013 0.048773
      vertex -0.298532 0.396677 0.059382
      vertex -0.250000 0.433013 0.000000
    endloop
  endfacet
  facet normal 0.554740 -0.830228 -0.054637
    outer loop
      vertex -0.250000 0.433013 0.000000
      vertex -0.298532 0.396677 0.059382
      vertex -0.304381 0.396677 0.000000
    endloop
  endfacet
  facet normal 0.554740 -0.830228 0.054637
    outer loop
      vertex -0.250000 0.433013 0.000000
      vertex -0.304381 0.396677 0.000000
      vertex -0.245196 0.433013 -0.048773
    endloop
  endfacet
  facet normal 0.554740 -0.830228 0.054637
    outer loop
      vertex -0.245196 0.433013 -0.048773
      vertex -0.304381 0.396677 0.000000
      vertex -0.298532 0.396677 -0.059382
    endloop
  endfacet
  facet normal 0.533422 -0.830228 0.161812
    outer loop
      vertex -0.245196 0.433013 -0.048773
      vertex -0.298532 0.396677 -0.059382
      vertex -0.230970 0.433013 -0.095671
    endloop
  endfacet
  facet normal 0.533422 -0.830228 0.161812
    outer loop
      vertex -0.230970 0.433013 -0.095671
      vertex -0.298532 0.396677 -0.059382
      vertex -0.281211 0.396677 -0.116481
    endloop
  endfacet
  facet normal 0.491605 -0.830228 0.262768
    outer loop
      vertex -0.230970 0.433013 -0.095671
      vertex -0.281211 0.396677 -0.116481
      vertex -0.207867 0.433013 -0.138893
    endloop
  endfacet
  facet normal 0.491605 -0.830228 0.262768
    outer loop
      vertex -0.207867 0.433013 -0.138893
      vertex -0.281211 0.396677 -0.116481
      vertex -0.253083 0.396677 -0.169105
    endloop
  endfacet
  facet normal 0.430895 -0.830228 0.353626
    outer loop
      vertex -0.207867 0.433013 -0.138893
      vertex -0.253083 0.396677 -0.169105
      vertex -0.176777 0.433013 -0.176777
    endloop
  endfacet
  facet normal 0.430895 -0.830228 0.353626
    outer loop
      vertex -0.176777 0.433013 -0.176777
      vertex -0.253083 0.396677 -0.169105
      vertex -0.215230 0.396677 -0.215230
    endloop
  endfacet
  facet normal 0.353626 -0.830228 0.430895
    outer loop
      vertex -0.176777 0.433013 -0.176777
      vertex -0.215230 0.396677 -0.215230
      vertex -0.138893 0.433013 -0.207867
    endloop
  endfacet
  facet normal 0.353626 -0.830228 0.430895
    outer loop
      vertex -0.138893 0.433013 -0.207867
      vertex -0.215230 0.396677 -0.215230
      vertex -0.169105 0.396677 -0.253083
    endloop
  endfacet
  facet normal 0.262768 -0.830228 0.491605
    outer loop
      vertex -0.138893 0.433013 -0.207867
      vertex -0.169105 0.396677 -0.253083
      vertex -0.095671 0.433013 -0.230970
    endloop
  endfacet
  facet normal 0.262768 -0.830228 0.491605
    outer loop
      vertex -0.095671 0.433013 -0.230970
      vertex -0.169105 0.396677 -0.253083
      vertex -0.116481 0.396677 -0.281211
    endloop
  endfacet
  facet normal 0.161812 -0.830228 0.533422
    outer loop
      vertex -0.095671 0.433013 -0.230970
      vertex -0.116481 0.396677 -0.281211
      vertex -0.048773 0.433013 -0.245196
    endloop
  endfacet
  facet normal 0.161812 -0.830228 0.533422
    outer loop
      vertex -0.048773 0.433013 -0.245196
      vertex -0.116481 0.396677 -0.281211
      vertex -0.059382 0.396677 -0.298532
    endloop
  endfacet
  facet normal 0.054637 -0.830228 0.554740
    outer loop
      vertex -0.048773 0.433013 -0.245196
      vertex -0.059382 0.396677 -0.298532
      vertex -0.000000 0.433013 -0.250000
    endloop
  endfacet
  facet normal 0.054637 -0.830228 0.554740
    outer loop
      vertex -0.000000 0.433013 -0.250000
      vertex -0.059382 0.396677 -0.298532
      vertex -0.000000 0.396677 -0.304381
    endloop
  endfacet
  facet normal -0.054637 -0.830228 0.554740
    outer loop
      vertex -0.000000 0.433013 -0.250000
      vertex -0.000000 0.396677 -0.304381
      vertex 0.048773 0.433013 -0.245196
    endloop
  endfacet
  facet normal -0.054637 -0.830228 0.554740
    outer loop
      vertex 0.048773 0.433013 -0.245196
      vertex -0.000000 0.396677 -0.304381
      vertex 0.059382 0.396677 -0.298532
    endloop
  endfacet
  facet normal -0.161812 -0.830228 0.533422
    outer loop
      vertex 0.048773 0.433013 -0.245196
      vertex 0.059382 0.396677 -0.298532
      vertex 0.095671 0.433013 -0.230970
    endloop
  endfacet
  facet normal -0.161812 -0.830228 0.533422
    outer loop
      vertex 0.095671 0.433013 -0.230970
      vertex 0.059382 0.396677 -0.298532
      vertex 0.116481 0.396677 -0.281211
    endloop
  endfacet
  facet normal -0.262768 -0.830228 0.491605
    outer loop
      vertex 0.095671 0.433013 -0.230970
      vertex 0.116481 0.396677 -0.281211
      vertex 0.138893 0.433013 -0.207867
    endloop
  endfacet
  facet normal -0.262768 -0.830228 0.491605
    outer loop
      vertex 0.138893 0.433013 -0.207867
      vertex 0.116481 0.396677 -0.281211
      vertex 0.169105 0.396677 -0.253083
    endloop
  endfacet
  facet normal -0.353626 -0.830228 0.430895
    outer loop
      vertex 0.138893 0.433013 -0.207867
      vertex 0.169105 0.396677 -0.253083
      vertex 0.176777 0.433013 -0.176777
    endloop
  endfacet
  facet normal -0.353626 -0.830228 0.430895
    outer loop
      vertex 0.176777 0.433013 -0.176777
      vertex 0.169105 0.396677 -0.253083
      vertex 0.215230 0.396677 -0.215230
    endloop
  endfacet
  facet normal -0.430895 -0.830228 0.353626
    outer loop
      vertex 0.176777 0.433013 -0.176777
      vertex 0.215230 0.396677 -0.215230
      vertex 0.207867 0.433013 -0.138893
    endloop
  endfacet
  facet normal -0.430895 -0.830228 0.353626
    outer loop
      vertex 0.207867 0.433013 -0.138893
      vertex 0.215230 0.396677 -0.215230
      vertex 0.253083 0.396677 -0.169105
    endloop
  endfacet
  facet normal -0.491605 -0.830228 0.262768
    outer loop
      vertex 0.207867 0.433013 -0.138893
      vertex 0.253083 0.396677 -0.169105
      vertex 0.230970 0.433013 -0.095671
    endloop
  endfacet
  facet normal -0.491605 -0.830228 0.262768
    outer loop
      vertex 0.230970 0.433013 -0.095671
      vertex 0.253083 0.396677 -0.169105
      vertex 0.281211 0.396677 -0.116481
    endloop
  endfacet
  facet normal -0.533422 -0.830228 0.161812
    outer loop
      vertex 0.230970 0.433013 -0.095671
      vertex 0.281211 0.396677 -0.116481
      vertex 0.245196 0.433013 -0.048773
    endloop
  endfacet
  facet normal -0.533422 -0.830228 0.161812
    outer loop
      vertex 0.245196 0.433013 -0.048773
      vertex 0.281211 0.396677 -0.116481
      vertex 0.298532 0.396677 -0.059382
    endloop
  endfacet
  facet normal -0.554740 -0.830228 0.054637
    outer loop
      vertex 0.245196 0.433013 -0.048773
      vertex 0.298532 0.396677 -0.059382
      vertex 0.250000 0.433013 -0.000000
    endloop
  endfacet
  facet normal -0.554740 -0.830228 0.054637
    outer loop
      vertex 0.250000 0.433013 -0.000000
      vertex 0.298532 0.396677 -0.059382
      vertex 0.304381 0.396677 -0.000000
    endloop
  endfacet
  facet normal -0.657960 -0.750259 -0.064803
    outer loop
      vertex 0.304381 0.396677 0.000000
      vertex 0.353553 0.353553 0.000000
      vertex 0.298532 0.396677 0.059382
    endloop
  endfacet
  facet normal -0.657960 -0.750259 -0.064803
    outer loop
      vertex 0.298532 0.396677 0.059382
      vertex 0.353553 0.353553 0.000000
      vertex 0.346760 0.353553 0.068975
    endloop
  endfacet
  facet normal -0.632675 -0.750259 -0.191920
    outer loop
      vertex 0.298532 0.396677 0.059382
      vertex 0.346760 0.353553 0.068975
      vertex 0.281211 0.396677 0.116481
    endloop
  endfacet
  facet normal -0.632675 -0.750259 -0.191920
    outer loop
      vertex 0.281211 0.396677 0.116481
      vertex 0.346760 0.353553 0.068975
      vertex 0.326641 0.353553 0.135299
    endloop
  endfacet
  facet normal -0.583077 -0.750259 -0.311661
    outer loop
      vertex 0.281211 0.396677 0.116481
      vertex 0.326641 0.353553 0.135299
      vertex 0.253083 0.396677 0.169105
    endloop
  endfacet
  facet normal -0.583077 -0.750259 -0.311661
    outer loop
      vertex 0.253083 0.396677 0.169105
      vertex 0.326641 0.353553 0.135299
      vertex 0.293969 0.353553 0.196424
    endloop
  endfacet
  facet normal -0.511071 -0.750259 -0.419425
    outer loop
      vertex 0.253083 0.396677 0.169105
      vertex 0.293969 0.353553 0.196424
      vertex 0.215230 0.396677 0.215230
    endloop
  endfacet
  facet normal -0.511071 -0.750259 -0.419425
    outer loop
      vertex 0.215230 0.396677 0.215230
      vertex 0.293969 0.353553 0.196424
      vertex 0.250000 0.353553 0.250000
    endloop
  endfacet
  facet normal -0.419425 -0.750259 -0.511071
    outer loop
      vertex 0.215230 0.396677 0.215230
      vertex 0.250000 0.353553 0.250000
      vertex 0.169105 0.396677 0.253083
    endloop
  endfacet
  facet normal -0.419425 -0.750259 -0.511071
    outer loop
      vertex 0.169105 0.396677 0.253083
      vertex 0.250000 0.353553 0.250000
      vertex 0.196424 0.353553 0.293969
    endloop
  endfacet
  facet normal -0.311661 -0.750259 -0.583077
    outer loop
      vertex 0.169105 0.396677 0.253083
      vertex 0.196424 0.353553 0.293969
      vertex 0.116481 0.396677 0.281211
    endloop
  endfacet
  facet normal -0.311661 -0.750259 -0.583077
    outer loop
      vertex 0.116481 0.396677 0.281211
      vertex 0.196424 0.353553 0.293969
      vertex 0.135299 0.353553 0.326641
    endloop
  endfacet
  facet normal -0.191920 -0.750259 -0.632675
    outer loop
      vertex 0.116481 0.396677 0.281211
      vertex 0.135299 0.353553 0.326641
      vertex 0.059382 0.396677 0.298532
    endloop
  endfacet
  facet normal -0.191920 -0.750259 -0.632675
    outer loop
      vertex 0.059382 0.396677 0.298532
      vertex 0.135299 0.353553 0.326641
      vertex 0.068975 0.353553 0.346760
    endloop
  endfacet
  facet normal -0.064803 -0.750259 -0.657960
    outer loop
      vertex 0.059382 0.396677 0.298532
      vertex 0.068975 0.353553 0.346760
      vertex 0.000000 0.396677 0.304381
    endloop
  endfacet
  facet normal -0.064803 -0.750259 -0.657960
    outer loop
      vertex 0.000000 0.396677 0.304381
      vertex 0.068975 0.353553 0.346760
      vertex 0.000000 0.353553 0.353553
    endloop
  endfacet
  facet normal 0.064803 -0.750259 -0.657960
    outer loop
      vertex 0.000000 0.396677 0.304381
      vertex 0.000000 0.353553 0.353553
      vertex -0.059382 0.396677 0.298532
    endloop
  endfacet
  facet normal 0.064803 -0.750259 -0.657960
    outer loop
      vertex -0.059382 0.396677 0.298532
      vertex 0.000000 0.353553 0.353553
      vertex -0.068975 0.353553 0.346760
    endloop
  endfacet
  facet normal 0.191920 -0.750259 -0.632675
    outer loop
      vertex -0.059382 0.396677 0.298532
      vertex -0.068975 0.353553 0.346760
      vertex -0.116481 0.396677 0.281211
    endloop
  endfacet
  facet normal 0.191920 -0.750259 -0.632675
    outer loop
      vertex -0.116481 0.396677 0.281211
      vertex -0.068975 0.353553 0.346760
      vertex -0.135299 0.353553 0.326641
    endloop
  endfacet
  facet normal 0.311661 -0.750259 -0.583077
    outer loop
      vertex -0.116481 0.396677 0.281211
      vertex -0.135299 0.353553 0.326641
      vertex -0.169105 0.396677 0.253083
    endloop
  endfacet
  facet normal 0.311661 -0.750259 -0.583077
    outer loop
      vertex -0.169105 0.396677 0.253083
      vertex -0.135299 0.353553 0.326641
      vertex -0.196424 0.353553 0.293969
    endloop
  endfacet
  facet normal 0.419425 -0.750259 -0.511071
    outer loop
      vertex -0.169105 0.396677 0.253083
      vertex -0.196424 0.353553 0.293969
      vertex -0.215230 0.396677 0.215230
    endloop
  endfacet
  facet normal 0.419425 -0.750259 -0.511071
    outer loop
      vertex -0.215230 0.396677 0.215230
      vertex -0.196424 0.353553 0.293969
      vertex -0.250000 0.353553 0.250000
    endloop
  endfacet
  facet normal 0.511071 -0.750259 -0.419425
    outer loop
      vertex -0.215230 0.396677 0.215230
      vertex -0.250000 0.353553 0.250000
      vertex -0.253083 0.396677 0.169105
    endloop
  endfacet
  facet normal 0.511071 -0.750259 -0.419425
    outer loop
      vertex -0.253083 0.396677 0.169105
      vertex -0.250000 0.353553 0.250000
      vertex -0.293969 0.353553 0.196424
    endloop
  endfacet
  facet normal 0.583077 -0.750259 -0.311661
    outer loop
      vertex -0.253083 0.396677 0.169105
      vertex -0.293969 0.353553 0.196424
      vertex -0.281211 0.396677 0.116481
    endloop
  endfacet
  facet normal 0.583077 -0.750259 -0.311661
    outer loop
      vertex -0.281211 0.396677 0.116481
      vertex -0.293969 0.353553 0.196424
      vertex -0.326641 0.353553 0.135299
    endloop
  endfacet
  facet normal 0.632675 -0.750259 -0.191920
    outer loop
      vertex -0.281211 0.396677 0.116481
      vertex -0.326641 0.353553 0.135299
      vertex -0.298532 0.396677 0.059382
    endloop
  endfacet
  facet normal 0.632675 -0.750259 -0.191920
    outer loop
      vertex -0.298532 0.396677 0.059382
      vertex -0.326641 0.353553 0.135299
      vertex -0.346760 0.353553 0.068975
    endloop
  endfacet
  facet normal 0.657960 -0.750259 -0.064803
    outer loop
      vertex -0.298532 0.396677 0.059382
      vertex -0.346760 0.353553 0.068975
      vertex -0.304381 0.396677 0.000000
    endloop
  endfacet
  facet normal 0.657960 -0.750259 -0.064803
    outer loop
      vertex -0.304381 0.396677 0.000000
      vertex -0.346760 0.353553 0.068975
      vertex -0.353553 0.353553 0.000000
    endloop
  endfacet
  facet normal 0.657960 -0.750259 0.064803
    outer loop
      vertex -0.304381 0.396677 0.000000
      vertex -0.353553 0.353553 0.000000
      vertex -0.298532 0.396677 -0.059382
    endloop
  endfacet
  facet normal 0.657960 -0.750259 0.064803
    outer loop
      vertex -0.298532 0.396677 -0.059382
      vertex -0.353553 0.353553 0.000000
      vertex -0.346760 0.353553 -0.068975
    endloop
  endfacet
  facet normal 0.632675 -0.750259 0.191920
    outer loop
      vertex -0.298532 0.396677 -0.059382
      vertex -0.346760 0.353553 -0.068975
      vertex -0.281211 0.396677 -0.116481
    endloop
  endfacet
  facet normal 0.632675 -0.750259 0.191920
    outer loop
      vertex -0.281211 0.396677 -0.116481
      vertex -0.346760 0.353553 -0.068975
      vertex -0.326641 0.353553 -0.135299
    endloop
  endfacet
  facet normal 0.583077 -0.750259 0.311661
    outer loop
      vertex -0.281211 0.396677 -0.116481
      vertex -0.326641 0.353553 -0.135299
      vertex -0.253083 0.396677 -0.169105
    endloop
  endfacet
  facet normal 0.583077 -0.750259 0.311661
    outer loop
      vertex -0.253083 0.396677 -0.169105
      vertex -0.326641 0.353553 -0.135299
      vertex -0.293969 0.353553 -0.196424
    endloop
  endfacet
  facet normal 0.511071 -0.750259 0.419425
    outer loop
      vertex -0.253083 0.396677 -0.169105
      vertex -0.293969 0.353553 -0.196424
      vertex -0.215230 0.396677 -0.215230
    endloop
  endfacet
  facet normal 0.511071 -0.750259 0.419425
    outer loop
      vertex -0.215230 0.396677 -0.215230
      vertex -0.293969 0.353553 -0.196424
      vertex -0.250000 0.353553 -0.250000
    endloop
  endfacet
  facet normal 0.419425 -0.750259 0.511071
    outer loop
      vertex -0.215230 0.396677 -0.215230
      vertex -0.250000 0.353553 -0.250000
      vertex -0.169105 0.396677 -0.253083
    endloop
  endfacet
  facet normal 0.419425 -0.750259 0.511071
    outer loop
      vertex -0.169105 0.396677 -0.253083
      vertex -0.250000 0.353553 -0.250000
      vertex -0.196424 0.353553 -0.293969
    endloop
  endfacet
  facet normal 0.311661 -0.750259 0.583077
    outer loop
      vertex -0.169105 0.396677 -0.253083
      vertex -0.196424 0.353553 -0.293969
      vertex -0.116481 0.396677 -0.281211
    endloop
  endfacet
  facet normal 0.311661 -0.750259 0.583077
    outer loop
      vertex -0.116481 0.396677 -0.281211
      vertex -0.196424 0.353553 -0.293969
      vertex -0.135299 0.353553 -0.326641
    endloop
  endfacet
  facet normal 0.191920 -0.750259 0.632675
    outer loop
      vertex -0.116481 0.396677 -0.281211
      vertex -0.135299 0.353553 -0.326641
      vertex -0.059382 0.396677 -0.298532
    endloop
  endfacet
  facet normal 0.191920 -0.750259 0.632675
    outer loop
      vertex -0.059382 0.396677 -0.298532
      vertex -0.135299 0.353553 -0.326641
      vertex -0.068975 0.353553 -0.346760
    endloop
  endfacet
  facet normal 0.064803 -0.750259 0.657960
    outer loop
      vertex -0.059382 0.396677 -0.298532
      vertex -0.068975 0.353553 -0.346760
      vertex -0.000000 0.396677 -0.304381
    endloop
  endfacet
  facet normal 0.064803 -0.750259 0.657960
    outer loop
      vertex -0.000000 0.396677 -0.304381
      vertex -0.068975 0.353553 -0.346760
      vertex -0.000000 0.353553 -0.353553
    endloop
  endfacet
  facet normal -0.064803 -0.750259 0.657960
    outer loop
      vertex -0.000000 0.396677 -0.304381
      vertex -0.000000 0.353553 -0.353553
      vertex 0.059382 0.396677 -0.298532
    endloop
  endfacet
  facet normal -0.064803 -0.750259 0.657960
    outer loop
      vertex 0.059382 0.396677 -0.298532
      vertex -0.000000 0.353553 -0.353553
      vertex 0.068975 0.353553 -0.346760
    endloop
  endfacet
  facet normal -0.191920 -0.750259 0.632675
    outer loop
      vertex 0.059382 0.396677 -0.298532
      vertex 0.068975 0.353553 -0.346760
      vertex 0.116481 0.396677 -0.281211
    endloop
  endfacet
  facet normal -0.191920 -0.750259 0.632675
    outer loop
      vertex 0.116481 0.396677 -0.281211
      vertex 0.068975 0.353553 -0.346760
      vertex 0.135299 0.353553 -0.326641
    endloop
  endfacet
  facet normal -0.311661 -0.750259 0.583077
    outer loop
      vertex 0.116481 0.396677 -0.281211
      vertex 0.135299 0.353553 -0.326641
      vertex 0.169105 0.396677 -0.253083
    endloop
  endfacet
  facet normal -0.311661 -0.750259 0.583077
    outer loop
      vertex 0.169105 0.396677 -0.253083
      vertex 0.135299 0.353553 -0.326641
      vertex 0.196424 0.353553 -0.293969
    endloop
  endfacet
  facet normal -0.419425 -0.750259 0.511071
    outer loop
      vertex 0.169105 0.396677 -0.253083
      vertex 0.196424 0.353553 -0.293969
      vertex 0.215230 0.396677 -0.215230
    endloop
  endfacet
  facet normal -0.419425 -0.750259 0.511071
    outer loop
      vertex 0.215230 0.396677 -0.215230
      vertex 0.196424 0.353553 -0.293969
      vertex 0.250000 0.353553 -0.250000
    endloop
  endfacet
  facet normal -0.511071 -0.750259 0.419425
    outer loop
      vertex 0.215230 0.396677 -0.215230
      vertex 0.250000 0.353553 -0.250000
      vertex 0.253083 0.396677 -0.169105
    endloop
  endfacet
  facet normal -0.511071 -0.750259 0.419425
    outer loop
      vertex 0.253083 0.396677 -0.169105
      vertex 0.250000 0.353553 -0.250000
      vertex 0.293969 0.353553 -0.196424
    endloop
  endfacet
  facet normal -0.583077 -0.750259 0.311661
    outer loop
      vertex 0.253083 0.396677 -0.169105
      vertex 0.293969 0.353553 -0.196424
      vertex 0.281211 0.396677 -0.116481
    endloop
  endfacet
  facet normal -0.583077 -0.750259 0.311661
    outer loop
      vertex 0.281211 0.396677 -0.116481
      vertex 0.293969 0.353553 -0.196424
      vertex 0.326641 0.353553 -0.135299
    endloop
  endfacet
  facet normal -0.632675 -0.750259 0.191920
    outer loop
      vertex 0.281211 0.396677 -0.116481
      vertex 0.326641 0.353553 -0.135299
      vertex 0.298532 0.396677 -0.059382
    endloop
  endfacet
  facet normal -0.632675 -0.750259 0.191920
    outer loop
      vertex 0.298532 0.396677 -0.059382
      vertex 0.326641 0.353553 -0.135299
      vertex 0.346760 0.353553 -0.068975
    endloop
  endfacet
  facet normal -0.657960 -0.750259 0.064803
    outer loop
      vertex 0.298532 0.396677 -0.059382
      vertex 0.346760 0.353553 -0.068975
      vertex 0.304381 0.396677 -0.000000
    endloop
  endfacet
  facet normal -0.657960 -0.750259 0.064803
    outer loop
      vertex 0.304381 0.396677 -0.000000
      vertex 0.346760 0.353553 -0.068975
      vertex 0.353553 0.353553 -0.000000
    endloop
  endfacet
  facet normal -0.749787 -0.657545 -0.073848
    outer loop
      vertex 0.353553 0.353553 0.000000
      vertex 0.396677 0.304381 0.000000
      vertex 0.346760 0.353553 0.068975
    endloop
  endfacet
  facet normal -0.749787 -0.657545 -0.073848
    outer loop
      vertex 0.346760 0.353553 0.068975
      vertex 0.396677 0.304381 0.000000
      vertex 0.389055 0.304381 0.077388
    endloop
  endfacet
  facet normal -0.720973 -0.657545 -0.218705
    outer loop
      vertex 0.346760 0.353553 0.068975
      vertex 0.389055 0.304381 0.077388
      vertex 0.326641 0.353553 0.135299
    endloop
  endfacet
  facet normal -0.720973 -0.657545 -0.218705
    outer loop
      vertex 0.326641 0.353553 0.135299
      vertex 0.389055 0.304381 0.077388
      vertex 0.366481 0.304381 0.151802
    endloop
  endfacet
  facet normal -0.664453 -0.657545 -0.355157
    outer loop
      vertex 0.326641 0.353553 0.135299
      vertex 0.366481 0.304381 0.151802
      vertex 0.293969 0.353553 0.196424
    endloop
  endfacet
  facet normal -0.664453 -0.657545 -0.355157
    outer loop
      vertex 0.293969 0.353553 0.196424
      vertex 0.366481 0.304381 0.151802
      vertex 0.329825 0.304381 0.220382
    endloop
  endfacet
  facet normal -0.582398 -0.657545 -0.477961
    outer loop
      vertex 0.293969 0.353553 0.196424
      vertex 0.329825 0.304381 0.220382
      vertex 0.250000 0.353553 0.250000
    endloop
  endfacet
  facet normal -0.582398 -0.657545 -0.477961
    outer loop
      vertex 0.250000 0.353553 0.250000
      vertex 0.329825 0.304381 0.220382
      vertex 0.280493 0.304381 0.280493
    endloop
  endfacet
  facet normal -0.477961 -0.657545 -0.582398
    outer loop
      vertex 0.250000 0.353553 0.250000
      vertex 0.280493 0.304381 0.280493
      vertex 0.196424 0.353553 0.293969
    endloop
  endfacet
  facet normal -0.477961 -0.657545 -0.582398
    outer loop
      vertex 0.196424 0.353553 0.293969
      vertex 0.280493 0.304381 0.280493
      vertex 0.220382 0.304381 0.329825
    endloop
  endfacet
  facet normal -0.355157 -0.657545 -0.664453
    outer loop
      vertex 0.196424 0.353553 0.293969
      vertex 0.220382 0.304381 0.329825
      vertex 0.135299 0.353553 0.326641
    endloop
  endfacet
  facet normal -0.355157 -0.657545 -0.664453
    outer loop
      vertex 0.135299 0.353553 0.326641
      vertex 0.220382 0.304381 0.329825
      vertex 0.151802 0.304381 0.366481
    endloop
  endfacet
  facet normal -0.218705 -0.657545 -0.720973
    outer loop
      vertex 0.135299 0.353553 0.326641
      vertex 0.151802 0.304381 0.366481
      vertex 0.068975 0.353553 0.346760
    endloop
  endfacet
  facet normal -0.218705 -0.657545 -0.720973
    outer loop
      vertex 0.068975 0.353553 0.346760
      vertex 0.151802 0.304381 0.366481
      vertex 0.077388 0.304381 0.389055
    endloop
  endfacet
  facet normal -0.073848 -0.657545 -0.749787
    outer loop
      vertex 0.068975 0.353553 0.346760
      vertex 0.077388 0.304381 0.389055
      vertex 0.000000 0.353553 0.353553
    endloop
  endfacet
  facet normal -0.073848 -0.657545 -0.749787
    outer loop
      vertex 0.000000 0.353553 0.353553
      vertex 0.077388 0.304381 0.389055
      vertex 0.000000 0.304381 0.396677
    endloop
  endfacet
  facet normal 0.073848 -0.657545 -0.749787
    outer loop
      vertex 0.000000 0.353553 0.353553
      vertex 0.000000 0.304381 0.396677
      vertex -0.068975 0.353553 0.346760
    endloop
  endfacet
  facet normal 0.073848 -0.657545 -0.749787
    outer loop
      vertex -0.068975 0.353553 0.346760
      vertex 0.000000 0.304381 0.396677
      vertex -0.077388 0.304381 0.389055
    endloop
  endfacet
  facet normal 0.218705 -0.657545 -0.720973
    outer loop
      vertex -0.068975 0.353553 0.346760
      vertex -0.077388 0.304381 0.389055
      vertex -0.135299 0.353553 0.326641
    endloop
  endfacet
  facet normal 0.218705 -0.657545 -0.720973
    outer loop
      vertex -0.135299 0.353553 0.326641
      vertex -0.077388 0.304381 0.389055
      vertex -0.151802 0.304381 0.366481
    endloop
  endfacet
  facet normal 0.355157 -0.657545 -0.664453
    outer loop
      vertex -0.135299 0.353553 0.326641
      vertex -0.151802 0.304381 0.366481
      vertex -0.196424 0.353553 0.293969
    endloop
  endfacet
  facet normal 0.355157 -0.657545 -0.664453
    outer loop
      vertex -0.196424 0.353553 0.293969
      vertex -0.151802 0.304381 0.366481
      vertex -0.220382 0.304381 0.329825
    endloop
  endfacet
  facet normal 0.477961 -0.657545 -0.582398
    outer loop
      vertex -0.196424 0.353553 0.293969
      vertex -0.220382 0.304381 0.329825
      vertex -0.250000 0.353553 0.250000
    endloop
  endfacet
  facet normal 0.477961 -0.657545 -0.582398
    outer loop
      vertex -0.250000 0.353553 0.250000
      vertex -0.220382 0.304381 0.329825
      vertex -0.280493 0.304381 0.280493
    endloop
  endfacet
  facet normal 0.582398 -0.657545 -0.477961
    outer loop
      vertex -0.250000 0.353553 0.250000
      vertex -0.280493 0.304381 0.280493
      vertex -0.293969 0.353553 0.196424
    endloop
  endfacet
  facet normal 0.582398 -0.657545 -0.477961
    outer loop
      vertex -0.293969 0.353553 0.196424
      vertex -0.280493 0.304381 0.280493
      vertex -0.329825 0.304381 0.220382
    endloop
  endfacet
  facet normal 0.664453 -0.657545 -0.355157
    outer loop
      vertex -0.293969 0.353553 0.196424
      vertex -0.329825 0.304381 0.220382
      vertex -0.326641 0.353553 0.135299
    endloop
  endfacet
  facet normal 0.664453 -0.657545 -0.355157
    outer loop
      vertex -0.326641 0.353553 0.135299
      vertex -0.329825 0.304381 0.220382
      vertex -0.366481 0.304381 0.151802
    endloop
  endfacet
  facet normal 0.720973 -0.657545 -0.218705
    outer loop
      vertex -0.326641 0.353553 0.135299
      vertex -0.366481 0.304381 0.151802
      vertex -0.346760 0.353553 0.068975
    endloop
  endfacet
  facet normal 0.720973 -0.657545 -0.218705
    outer loop
      vertex -0.346760 0.353553 0.068975
      vertex -0.366481 0.304381 0.151802
      vertex -0.389055 0.304381 0.077388
    endloop
  endfacet
  facet normal 0.749787 -0.657545 -0.073848
    outer loop
      vertex -0.346760 0.353553 0.068975
      vertex -0.389055 0.304381 0.077388
      vertex -0.353553 0.353553 0.000000
    endloop
  endfacet
  facet normal 0.749787 -0.657545 -0.073848
    outer loop
      vertex -0.353553 0.353553 0.000000
      vertex -0.389055 0.304381 0.077388
      vertex -0.396677 0.304381 0.000000
    endloop
  endfacet
  facet normal 0.749787 -0.657545 0.073848
    outer loop
      vertex -0.353553 0.353553 0.000000
      vertex -0.396677 0.304381 0.000000
      vertex -0.346760 0.353553 -0.068975
    endloop
  endfacet
  facet normal 0.749787 -0.657545 0.073848
    outer loop
      vertex -0.346760 0.353553 -0.068975
      vertex -0.396677 0.304381 0.000000
      vertex -0.389055 0.304381 -0.077388
    endloop
  endfacet
  facet normal 0.720973 -0.657545 0.218705
    outer loop
      vertex -0.346760 0.353553 -0.068975
      vertex -0.389055 0.304381 -0.077388
      vertex -0.326641 0.353553 -0.135299
    endloop
  endfacet
  facet normal 0.720973 -0.657545 0.218705
    outer loop
      vertex -0.326641 0.353553 -0.135299
      vertex -0.389055 0.304381 -0.077388
      vertex -0.366481 0.304381 -0.151802
    endloop
  endfacet
  facet normal 0.664453 -0.657545 0.355157
    outer loop
      vertex -0.326641 0.353553 -0.135299
      vertex -0.366481 0.304381 -0.151802
      vertex -0.293969 0.353553 -0.196424
    endloop
  endfacet
  facet normal 0.664453 -0.657545 0.355157
    outer loop
      vertex -0.293969 0.353553 -0.196424
      vertex -0.366481 0.304381 -0.151802
      vertex -0.329825 0.304381 -0.220382
    endloop
  endfacet
  facet normal 0.582398 -0.657545 0.477961
    outer loop
      vertex -0.293969 0.353553 -0.196424
      vertex -0.329825 0.304381 -0.220382
      vertex -0.250000 0.353553 -0.250000
    endloop
  endfacet
  facet normal 0.582398 -0.657545 0.477961
    outer loop
      vertex -0.250000 0.353553 -0.250000
      vertex -0.329825 0.304381 -0.220382
      vertex -0.280493 0.304381 -0.280493
    endloop
  endfacet
  facet normal 0.477961 -0.657545 0.582398
    outer loop
      vertex -0.250000 0.353553 -0.250000
      vertex -0.280493 0.304381 -0.280493
      vertex -0.196424 0.353553 -0.293969
    endloop
  endfacet
  facet normal 0.477961 -0.657545 0.582398
    outer loop
      vertex -0.196424 0.353553 -0.293969
      vertex -0.280493 0.304381 -0.280493
      vertex -0.220382 0.304381 -0.329825
    endloop
  endfacet
  facet normal 0.355157 -0.657545 0.664453
    outer loop
      vertex -0.196424 0.353553 -0.293969
      vertex -0.220382 0.304381 -0.329825
      vertex -0.135299 0.353553 -0.326641
    endloop
  endfacet
  facet normal 0.355157 -0.657545 0.664453
    outer loop
      vertex -0.135299 0.353553 -0.326641
      vertex -0.220382 0.304381 -0.329825
      vertex -0.151802 0.304381 -0.366481
    endloop
  endfacet
  facet normal 0.218705 -0.657545 0.720973
    outer loop
      vertex -0.135299 0.353553 -0.326641
      vertex -0.151802 0.304381 -0.366481
      vertex -0.068975 0.353553 -0.346760
    endloop
  endfacet
  facet normal 0.218705 -0.657545 0.720973
    outer loop
      vertex -0.068975 0.353553 -0.346760
      vertex -0.151802 0.304381 -0.366481
      vertex -0.077388 0.304381 -0.389055
    endloop
  endfacet
  facet normal 0.073848 -0.657545 0.749787
    outer loop
      vertex -0.068975 0.353553 -0.346760
      vertex -0.077388 0.304381 -0.389055
      vertex -0.000000 0.353553 -0.353553
    endloop
  endfacet
  facet normal 0.073848 -0.657545 0.749787
    outer loop
      vertex -0.000000 0.353553 -0.353553
      vertex -0.077388 0.304381 -0.389055
      vertex -0.000000 0.304381 -0.396677
    endloop
  endfacet
  facet normal -0.073848 -0.657545 0.749787
    outer loop
      vertex -0.000000 0.353553 -0.353553
      vertex -0.000000 0.304381 -0.396677
      vertex 0.068975 0.353553 -0.346760
    endloop
  endfacet
  facet normal -0.073848 -0.657545 0.749787
    outer loop
      vertex 0.068975 0.353553 -0.346760
      vertex -0.000000 0.304381 -0.396677
      vertex 0.077388 0.304381 -0.389055
    endloop
  endfacet
  facet normal -0.218705 -0.657545 0.720973
    outer loop
      vertex 0.068975 0.353553 -0.346760
      vertex 0.077388 0.304381 -0.389055
      vertex 0.135299 0.353553 -0.326641
    endloop
  endfacet
  facet normal -0.218705 -0.657545 0.720973
    outer loop
      vertex 0.135299 0.353553 -0.326641
      vertex 0.077388 0.304381 -0.389055
      vertex 0.151802 0.304381 -0.366481
    endloop
  endfacet
  facet normal -0.355157 -0.657545 0.664453
    outer loop
      vertex 0.135299 0.353553 -0.326641
      vertex 0.151802 0.304381 -0.366481
      vertex 0.196424 0.353553 -0.293969
    endloop
  endfacet
  facet normal -0.355157 -0.657545 0.664453
    outer loop
      vertex 0.196424 0.353553 -0.293969
      vertex 0.151802 0.304381 -0.366481
      vertex 0.220382 0.304381 -0.329825
    endloop
  endfacet
  facet normal -0.477961 -0.657545 0.582398
    outer loop
      vertex 0.196424 0.353553 -0.293969
      vertex 0.220382 0.304381 -0.329825
      vertex 0.250000 0.353553 -0.250000
    endloop
  endfacet
  facet normal -0.477961 -0.657545 0.582398
    outer loop
      vertex 0.250000 0.353553 -0.250000
      vertex 0.220382 0.304381 -0.329825
      vertex 0.280493 0.304381 -0.280493
    endloop
  endfacet
  facet normal -0.582398 -0.657545 0.477961
    outer loop
      vertex 0.250000 0.353553 -0.250000
      vertex 0.280493 0.304381 -0.280493
      vertex 0.293969 0.353553 -0.196424
    endloop
  endfacet
  facet normal -0.582398 -0.657545 0.477961
    outer loop
      vertex 0.293969 0.353553 -0.196424
      vertex 0.280493 0.304381 -0.280493
      vertex 0.329825 0.304381 -0.220382
    endloop
  endfacet
  facet normal -0.664453 -0.657545 0.355157
    outer loop
      vertex 0.293969 0.353553 -0.196424
      vertex 0.329825 0.304381 -0.220382
      vertex 0.326641 0.353553 -0.135299
    endloop
  endfacet
  facet normal -0.664453 -0.657545 0.355157
    outer loop
      vertex 0.326641 0.353553 -0.135299
      vertex 0.329825 0.304381 -0.220382
      vertex 0.366481 0.304381 -0.151802
    endloop
  endfacet
  facet normal -0.720973 -0.657545 0.218705
    outer loop
      vertex 0.326641 0.353553 -0.135299
      vertex 0.366481 0.304381 -0.151802
      vertex 0.346760 0.353553 -0.068975
    endloop
  endfacet
  facet normal -0.720973 -0.657545 0.218705
    outer loop
      vertex 0.346760 0.353553 -0.068975
      vertex 0.366481 0.304381 -0.151802
      vertex 0.389055 0.304381 -0.077388
    endloop
  endfacet
  facet normal -0.749787 -0.657545 0.073848
    outer loop
      vertex 0.346760 0.353553 -0.068975
      vertex 0.389055 0.304381 -0.077388
      vertex 0.353553 0.353553 -0.000000
    endloop
  endfacet
  facet normal -0.749787 -0.657545 0.073848
    outer loop
      vertex 0.353553 0.353553 -0.000000
      vertex 0.389055 0.304381 -0.077388
      vertex 0.396677 0.304381 -0.000000
    endloop
  endfacet
  facet normal -0.828695 -0.553717 -0.081619
    outer loop
      vertex 0.396677 0.304381 0.000000
      vertex 0.433013 0.250000 0.000000
      vertex 0.389055 0.304381 0.077388
    endloop
  endfacet
  facet normal -0.828695 -0.553717 -0.081619
    outer loop
      vertex 0.389055 0.304381 0.077388
      vertex 0.433013 0.250000 0.000000
      vertex 0.424692 0.250000 0.084477
    endloop
  endfacet
  facet normal -0.796849 -0.553717 -0.241722
    outer loop
      vertex 0.389055 0.304381 0.077388
      vertex 0.424692 0.250000 0.084477
      vertex 0.366481 0.304381 0.151802
    endloop
  endfacet
  facet normal -0.796849 -0.553717 -0.241722
    outer loop
      vertex 0.366481 0.304381 0.151802
      vertex 0.424692 0.250000 0.084477
      vertex 0.400052 0.250000 0.165707
    endloop
  endfacet
  facet normal -0.734380 -0.553717 -0.392535
    outer loop
      vertex 0.366481 0.304381 0.151802
      vertex 0.400052 0.250000 0.165707
      vertex 0.329825 0.304381 0.220382
    endloop
  endfacet
  facet normal -0.734380 -0.553717 -0.392535
    outer loop
      vertex 0.329825 0.304381 0.220382
      vertex 0.400052 0.250000 0.165707
      vertex 0.360037 0.250000 0.240569
    endloop
  endfacet
  facet normal -0.643690 -0.553717 -0.528263
    outer loop
      vertex 0.329825 0.304381 0.220382
      vertex 0.360037 0.250000 0.240569
      vertex 0.280493 0.304381 0.280493
    endloop
  endfacet
  facet normal -0.643690 -0.553717 -0.528263
    outer loop
      vertex 0.280493 0.304381 0.280493
      vertex 0.360037 0.250000 0.240569
      vertex 0.306186 0.250000 0.306186
    endloop
  endfacet
  facet normal -0.528263 -0.553717 -0.643690
    outer loop
      vertex 0.280493 0.304381 0.280493
      vertex 0.306186 0.250000 0.306186
      vertex 0.220382 0.304381 0.329825
    endloop
  endfacet
  facet normal -0.528263 -0.553717 -0.643690
    outer loop
      vertex 0.220382 0.304381 0.329825
      vertex 0.306186 0.250000 0.306186
      vertex 0.240569 0.250000 0.360037
    endloop
  endfacet
  facet normal -0.392535 -0.553717 -0.734380
    outer loop
      vertex 0.220382 0.304381 0.329825
      vertex 0.240569 0.250000 0.360037
      vertex 0.151802 0.304381 0.366481
    endloop
  endfacet
  facet normal -0.392535 -0.553717 -0.734380
    outer loop
      vertex 0.151802 0.304381 0.366481
      vertex 0.240569 0.250000 0.360037
      vertex 0.165707 0.250000 0.400052
    endloop
  endfacet
  facet normal -0.241722 -0.553717 -0.796849
    outer loop
      vertex 0.151802 0.304381 0.366481
      vertex 0.165707 0.250000 0.400052
      vertex 0.077388 0.304381 0.389055
    endloop
  endfacet
  facet normal -0.241722 -0.553717 -0.796849
    outer loop
      vertex 0.077388 0.304381 0.389055
      vertex 0.165707 0.250000 0.400052
      vertex 0.084477 0.250000 0.424692
    endloop
  endfacet
  facet normal -0.081619 -0.553717 -0.828695
    outer loop
      vertex 0.077388 0.304381 0.389055
      vertex 0.084477 0.250000 0.424692
      vertex 0.000000 0.304381 0.396677
    endloop
  endfacet
  facet normal -0.081619 -0.553717 -0.828695
    outer loop
      vertex 0.000000 0.304381 0.396677
      vertex 0.084477 0.250000 0.424692
      vertex 0.000000 0.250000 0.433013
    endloop
  endfacet
  facet normal 0.081619 -0.553717 -0.828695
    outer loop
      vertex 0.000000 0.304381 0.396677
      vertex 0.000000 0.250000 0.433013
      vertex -0.077388 0.304381 0.389055
    endloop
  endfacet
  facet normal 0.081619 -0.553717 -0.828695
    outer loop
      vertex -0.077388 0.304381 0.389055
      vertex 0.000000 0.250000 0.433013
      vertex -0.084477 0.250000 0.424692
    endloop
  endfacet
  facet normal 0.241722 -0.553717 -0.796849
    outer loop
      vertex -0.077388 0.304381 0.389055
      vertex -0.084477 0.250000 0.424692
      vertex -0.151802 0.304381 0.366481
    endloop
  endfacet
  facet normal 0.241722 -0.553717 -0.796849
    outer loop
      vertex -0.151802 0.304381 0.366481
      vertex -0.084477 0.250000 0.424692
      vertex -0.165707 0.250000 0.400052
    endloop
  endfacet
  facet normal 0.392535 -0.553717 -0.734380
    outer loop
      vertex -0.151802 0.304381 0.366481
      vertex -0.165707 0.250000 0.400052
      vertex -0.220382 0.304381 0.329825
    endloop
  endfacet
  facet normal 0.392535 -0.553717 -0.734380
    outer loop
      vertex -0.220382 0.304381 0.329825
      vertex -0.165707 0.250000 0.400052
      vertex -0.240569 0.250000 0.360037
    endloop
  endfacet
  facet normal 0.528263 -0.553717 -0.643690
    outer loop
      vertex -0.220382 0.304381 0.329825
      vertex -0.240569 0.250000 0.360037
      vertex -0.280493 0.304381 0.280493
    endloop
  endfacet
  facet normal 0.528263 -0.553717 -0.643690
    outer loop
      vertex -0.280493 0.304381 0.280493
      vertex -0.240569 0.250000 0.360037
      vertex -0.306186 0.250000 0.306186
    endloop
  endfacet
  facet normal 0.643690 -0.553717 -0.528263
    outer loop
      vertex -0.280493 0.304381 0.280493
      vertex -0.306186 0.250000 0.306186
      vertex -0.329825 0.304381 0.220382
    endloop
  endfacet
  facet normal 0.643690 -0.553717 -0.528263
    outer loop
      vertex -0.329825 0.304381 0.220382
      vertex -0.306186 0.250000 0.306186
      vertex -0.360037 0.250000 0.240569
    endloop
  endfacet
  facet normal 0.734380 -0.553717 -0.392535
    outer loop
      vertex -0.329825 0.304381 0.220382
      vertex -0.360037 0.250000 0.240569
      vertex -0.366481 0.304381 0.151802
    endloop
  endfacet
  facet normal 0.734380 -0.553717 -0.392535
    outer loop
      vertex -0.366481 0.304381 0.151802
      vertex -0.360037 0.250000 0.240569
      vertex -0.400052 0.250000 0.165707
    endloop
  endfacet
  facet normal 0.796849 -0.553717 -0.241722
    outer loop
      vertex -0.366481 0.304381 0.151802
      vertex -0.400052 0.250000 0.165707
      vertex -0.389055 0.304381 0.077388
    endloop
  endfacet
  facet normal 0.796849 -0.553717 -0.241722
    outer loop
      vertex -0.389055 0.304381 0.077388
      vertex -0.400052 0.250000 0.165707
      vertex -0.424692 0.250000 0.084477
    endloop
  endfacet
  facet normal 0.828695 -0.553717 -0.081619
    outer loop
      vertex -0.389055 0.304381 0.077388
      vertex -0.424692 0.250000 0.084477
      vertex -0.396677 0.304381 0.000000
    endloop
  endfacet
  facet normal 0.828695 -0.553717 -0.081619
    outer loop
      vertex -0.396677 0.304381 0.000000
      vertex -0.424692 0.250000 0.084477
      vertex -0.433013 0.250000 0.000000
    endloop
  endfacet
  facet normal 0.828695 -0.553717 0.081619
    outer loop
      vertex -0.396677 0.304381 0.000000
      vertex -0.433013 0.250000 0.000000
      vertex -0.389055 0.304381 -0.077388
    endloop
  endfacet
  facet normal 0.828695 -0.553717 0.081619
    outer loop
      vertex -0.389055 0.304381 -0.077388
      vertex -0.433013 0.250000 0.000000
      vertex -0.424692 0.250000 -0.084477
    endloop
  endfacet
  facet normal 0.796849 -0.553717 0.241722
    outer loop
      vertex -0.389055 0.304381 -0.077388
      vertex -0.424692 0.250000 -0.084477
      vertex -0.366481 0.304381 -0.151802
    endloop
  endfacet
  facet normal 0.796849 -0.553717 0.241722
    outer loop
      vertex -0.366481 0.304381 -0.151802
      vertex -0.424692 0.250000 -0.084477
      vertex -0.400052 0.250000 -0.165707
    endloop
  endfacet
  facet normal 0.734380 -0.553717 0.392535
    outer loop
      vertex -0.366481 0.304381 -0.151802
      vertex -0.400052 0.250000 -0.165707
      vertex -0.329825 0.304381 -0.220382
    endloop
  endfacet
  facet normal 0.734380 -0.553717 0.392535
    outer loop
      vertex -0.329825 0.304381 -0.220382
      vertex -0.400052 0.250000 -0.165707
      vertex -0.360037 0.250000 -0.240569
    endloop
  endfacet
  facet normal 0.643690 -0.553717 0.528263
    outer loop
      vertex -0.329825 0.304381 -0.220382
      vertex -0.360037 0.250000 -0.240569
      vertex -0.280493 0.304381 -0.280493
    endloop
  endfacet
  facet normal 0.643690 -0.553717 0.528263
    outer loop
      vertex -0.280493 0.304381 -0.280493
      vertex -0.360037 0.250000 -0.240569
      vertex -0.306186 0.250000 -0.306186
    endloop
  endfacet
  facet normal 0.528263 -0.553717 0.643690
    outer loop
      vertex -0.280493 0.304381 -0.280493
      vertex -0.306186 0.250000 -0.306186
      vertex -0.220382 0.304381 -0.329825
    endloop
  endfacet
  facet normal 0.528263 -0.553717 0.643690
    outer loop
      vertex -0.220382 0.304381 -0.329825
      vertex -0.306186 0.250000 -0.306186
      vertex -0.240569 0.250000 -0.360037
    endloop
  endfacet
  facet normal 0.392535 -0.553717 0.734380
    outer loop
      vertex -0.220382 0.304381 -0.329825
      vertex -0.240569 0.250000 -0.360037
      vertex -0.151802 0.304381 -0.366481
    endloop
  endfacet
  facet normal 0.392535 -0.553717 0.734380
    outer loop
      vertex -0.151802 0.304381 -0.366481
      vertex -0.240569 0.250000 -0.360037
      vertex -0.165707 0.250000 -0.400052
    endloop
  endfacet
  facet normal 0.241722 -0.553717 0.796849
    outer loop
      vertex -0.151802 0.304381 -0.366481
      vertex -0.165707 0.250000 -0.400052
      vertex -0.077388 0.304381 -0.389055
    endloop
  endfacet
  facet normal 0.241722 -0.553717 0.796849
    outer loop
      vertex -0.077388 0.304381 -0.389055
      vertex -0.165707 0.250000 -0.400052
      vertex -0.084477 0.250000 -0.424692
    endloop
  endfacet
  facet normal 0.081619 -0.553717 0.828695
    outer loop
      vertex -0.077388 0.304381 -0.389055
      vertex -0.084477 0.250000 -0.424692
      vertex -0.000000 0.304381 -0.396677
    endloop
  endfacet
  facet normal 0.081619 -0.553717 0.828695
    outer loop
      vertex -0.000000 0.304381 -0.396677
      vertex -0.084477 0.250000 -0.424692
      vertex -0.000000 0.250000 -0.433013
    endloop
  endfacet
  facet normal -0.081619 -0.553717 0.828695
    outer loop
      vertex -0.000000 0.304381 -0.396677
      vertex -0.000000 0.250000 -0.433013
      vertex 0.077388 0.304381 -0.389055
    endloop
  endfacet
  facet normal -0.081619 -0.553717 0.828695
    outer loop
      vertex 0.077388 0.304381 -0.389055
      vertex -0.000000 0.250000 -0.433013
      vertex 0.084477 0.250000 -0.424692
    endloop
  endfacet
  facet normal -0.241722 -0.553717 0.796849
    outer loop
      vertex 0.077388 0.304381 -0.389055
      vertex 0.084477 0.250000 -0.424692
      vertex 0.151802 0.304381 -0.366481
    endloop
  endfacet
  facet normal -0.241722 -0.553717 0.796849
    outer loop
      vertex 0.151802 0.304381 -0.366481
      vertex 0.084477 0.250000 -0.424692
      vertex 0.165707 0.250000 -0.400052
    endloop
  endfacet
  facet normal -0.392535 -0.553717 0.734380
    outer loop
      vertex 0.151802 0.304381 -0.366481
      vertex 0.165707 0.250000 -0.400052
      vertex 0.220382 0.304381 -0.329825
    endloop
  endfacet
  facet normal -0.392535 -0.553717 0.734380
    outer loop
      vertex 0.220382 0.304381 -0.329825
      vertex 0.165707 0.250000 -0.400052
      vertex 0.240569 0.250000 -0.360037
    endloop
  endfacet
  facet normal -0.528263 -0.553717 0.643690
    outer loop
      vertex 0.220382 0.304381 -0.329825
      vertex 0.240569 0.250000 -0.360037
      vertex 0.280493 0.304381 -0.280493
    endloop
  endfacet
  facet normal -0.528263 -0.553717 0.643690
    outer loop
      vertex 0.280493 0.304381 -0.280493
      vertex 0.240569 0.250000 -0.360037
      vertex 0.306186 0.250000 -0.306186
    endloop
  endfacet
  facet normal -0.643690 -0.553717 0.528263
    outer loop
      vertex 0.280493 0.304381 -0.280493
      vertex 0.306186 0.250000 -0.306186
      vertex 0.329825 0.304381 -0.220382
    endloop
  endfacet
  facet normal -0.643690 -0.553717 0.528263
    outer loop
      vertex 0.329825 0.304381 -0.220382
      vertex 0.306186 0.250000 -0.306186
      vertex 0.360037 0.250000 -0.240569
    endloop
  endfacet
  facet normal -0.734380 -0.553717 0.392535
    outer loop
      vertex 0.329825 0.304381 -0.220382
      vertex 0.360037 0.250000 -0.240569
      vertex 0.366481 0.304381 -0.151802
    endloop
  endfacet
  facet normal -0.734380 -0.553717 0.392535
    outer loop
      vertex 0.366481 0.304381 -0.151802
      vertex 0.360037 0.250000 -0.240569
      vertex 0.400052 0.250000 -0.165707
    endloop
  endfacet
  facet normal -0.796849 -0.553717 0.241722
    outer loop
      vertex 0.366481 0.304381 -0.151802
      vertex 0.400052 0.250000 -0.165707
      vertex 0.389055 0.304381 -0.077388
    endloop
  endfacet
  facet normal -0.796849 -0.553717 0.241722
    outer loop
      vertex 0.389055 0.304381 -0.077388
      vertex 0.400052 0.250000 -0.165707
      vertex 0.424692 0.250000 -0.084477
    endloop
  endfacet
  facet normal -0.828695 -0.553717 0.081619
    outer loop
      vertex 0.389055 0.304381 -0.077388
      vertex 0.424692 0.250000 -0.084477
      vertex 0.396677 0.304381 -0.000000
    endloop
  endfacet
  facet normal -0.828695 -0.553717 0.081619
    outer loop
      vertex 0.396677 0.304381 -0.000000
      vertex 0.424692 0.250000 -0.084477
      vertex 0.433013 0.250000 -0.000000
    endloop
  endfacet
  facet normal -0.893394 -0.440573 -0.087992
    outer loop
      vertex 0.433013 0.250000 0.000000
      vertex 0.461940 0.191342 0.000000
      vertex 0.424692 0.250000 0.084477
    endloop
  endfacet
  facet normal -0.893394 -0.440573 -0.087992
    outer loop
      vertex 0.424692 0.250000 0.084477
      vertex 0.461940 0.191342 0.000000
      vertex 0.453064 0.191342 0.090120
    endloop
  endfacet
  facet normal -0.859061 -0.440573 -0.260593
    outer loop
      vertex 0.424692 0.250000 0.084477
      vertex 0.453064 0.191342 0.090120
      vertex 0.400052 0.250000 0.165707
    endloop
  endfacet
  facet normal -0.859061 -0.440573 -0.260593
    outer loop
      vertex 0.400052 0.250000 0.165707
      vertex 0.453064 0.191342 0.090120
      vertex 0.426777 0.191342 0.176777
    endloop
  endfacet
  facet normal -0.791715 -0.440573 -0.423181
    outer loop
      vertex 0.400052 0.250000 0.165707
      vertex 0.426777 0.191342 0.176777
      vertex 0.360037 0.250000 0.240569
    endloop
  endfacet
  facet normal -0.791715 -0.440573 -0.423181
    outer loop
      vertex 0.360037 0.250000 0.240569
      vertex 0.426777 0.191342 0.176777
      vertex 0.384089 0.191342 0.256640
    endloop
  endfacet
  facet normal -0.693944 -0.440573 -0.569505
    outer loop
      vertex 0.360037 0.250000 0.240569
      vertex 0.384089 0.191342 0.256640
      vertex 0.306186 0.250000 0.306186
    endloop
  endfacet
  facet normal -0.693944 -0.440573 -0.569505
    outer loop
      vertex 0.306186 0.250000 0.306186
      vertex 0.384089 0.191342 0.256640
      vertex 0.326641 0.191342 0.326641
    endloop
  endfacet
  facet normal -0.569505 -0.440573 -0.693944
    outer loop
      vertex 0.306186 0.250000 0.306186
      vertex 0.326641 0.191342 0.326641
      vertex 0.240569 0.250000 0.360037
    endloop
  endfacet
  facet normal -0.569505 -0.440573 -0.693944
    outer loop
      vertex 0.240569 0.250000 0.360037
      vertex 0.326641 0.191342 0.326641
      vertex 0.256640 0.191342 0.384089
    endloop
  endfacet
  facet normal -0.423181 -0.440573 -0.791715
    outer loop
      vertex 0.240569 0.250000 0.360037
      vertex 0.256640 0.191342 0.384089
      vertex 0.165707 0.250000 0.400052
    endloop
  endfacet
  facet normal -0.423181 -0.440573 -0.791715
    outer loop
      vertex 0.165707 0.250000 0.400052
      vertex 0.256640 0.191342 0.384089
      vertex 0.176777 0.191342 0.426777
    endloop
  endfacet
  facet normal -0.260593 -0.440573 -0.859061
    outer loop
      vertex 0.165707 0.250000 0.400052
      vertex 0.176777 0.191342 0.426777
      vertex 0.084477 0.250000 0.424692
    endloop
  endfacet
  facet normal -0.260593 -0.440573 -0.859061
    outer loop
      vertex 0.084477 0.250000 0.424692
      vertex 0.176777 0.191342 0.426777
      vertex 0.090120 0.191342 0.453064
    endloop
  endfacet
  facet normal -0.087992 -0.440573 -0.893394
    outer loop
      vertex 0.084477 0.250000 0.424692
      vertex 0.090120 0.191342 0.453064
      vertex 0.000000 0.250000 0.433013
    endloop
  endfacet
  facet normal -0.087992 -0.440573 -0.893394
    outer loop
      vertex 0.000000 0.250000 0.433013
      vertex 0.090120 0.191342 0.453064
      vertex 0.000000 0.191342 0.461940
    endloop
  endfacet
  facet normal 0.087992 -0.440573 -0.893394
    outer loop
      vertex 0.000000 0.250000 0.433013
      vertex 0.000000 0.191342 0.461940
      vertex -0.084477 0.250000 0.424692
    endloop
  endfacet
  facet normal 0.087992 -0.440573 -0.893394
    outer loop
      vertex -0.084477 0.250000 0.424692
      vertex 0.000000 0.191342 0.461940
      vertex -0.090120 0.191342 0.453064
    endloop
  endfacet
  facet normal 0.260593 -0.440573 -0.859061
    outer loop
      vertex -0.084477 0.250000 0.424692
      vertex -0.090120 0.191342 0.453064
      vertex -0.165707 0.250000 0.400052
    endloop
  endfacet
  facet normal 0.260593 -0.440573 -0.859061
    outer loop
      vertex -0.165707 0.250000 0.400052
      vertex -0.090120 0.191342 0.453064
      vertex -0.176777 0.191342 0.426777
    endloop
  endfacet
  facet normal 0.423181 -0.440573 -0.791715
    outer loop
      vertex -0.165707 0.250000 0.400052
      vertex -0.176777 0.191342 0.426777
      vertex -0.240569 0.250000 0.360037
    endloop
  endfacet
  facet normal 0.423181 -0.440573 -0.791715
    outer loop
      vertex -0.240569 0.250000 0.360037
      vertex -0.176777 0.191342 0.426777
      vertex -0.256640 0.191342 0.384089
    endloop
  endfacet
  facet normal 0.569505 -0.440573 -0.693944
    outer loop
      vertex -0.240569 0.250000 0.360037
      vertex -0.256640 0.191342 0.384089
      vertex -0.306186 0.250000 0.306186
    endloop
  endfacet
  facet normal 0.569505 -0.440573 -0.693944
    outer loop
      vertex -0.306186 0.250000 0.306186
      vertex -0.256640 0.191342 0.384089
      vertex -0.326641 0.191342 0.326641
    endloop
  endfacet
  facet normal 0.693944 -0.440573 -0.569505
    outer loop
      vertex -0.306186 0.250000 0.306186
      vertex -0.326641 0.191342 0.326641
      vertex -0.360037 0.250000 0.240569
    endloop
  endfacet
  facet normal 0.693944 -0.440573 -0.569505
    outer loop
      vertex -0.360037 0.250000 0.240569
      vertex -0.326641 0.191342 0.326641
      vertex -0.384089 0.191342 0.256640
    endloop
  endfacet
  facet normal 0.791715 -0.440573 -0.423181
    outer loop
      vertex -0.360037 0.250000 0.240569
      vertex -0.384089 0.191342 0.256640
      vertex -0.400052 0.250000 0.165707
    endloop
  endfacet
  facet normal 0.791715 -0.440573 -0.423181
    outer loop
      vertex -0.400052 0.250000 0.165707
      vertex -0.384089 0.191342 0.256640
      vertex -0.426777 0.191342 0.176777
    endloop
  endfacet
  facet normal 0.859061 -0.440573 -0.260593
    outer loop
      vertex -0.400052 0.250000 0.165707
      vertex -0.426777 0.191342 0.176777
      vertex -0.424692 0.250000 0.084477
    endloop
  endfacet
  facet normal 0.859061 -0.440573 -0.260593
    outer loop
      vertex -0.424692 0.250000 0.084477
      vertex -0.426777 0.191342 0.176777
      vertex -0.453064 0.191342 0.090120
    endloop
  endfacet
  facet normal 0.893394 -0.440573 -0.087992
    outer loop
      vertex -0.424692 0.250000 0.084477
      vertex -0.453064 0.191342 0.090120
      vertex -0.433013 0.250000 0.000000
    endloop
  endfacet
  facet normal 0.893394 -0.440573 -0.087992
    outer loop
      vertex -0.433013 0.250000 0.000000
      vertex -0.453064 0.191342 0.090120
      vertex -0.461940 0.191342 0.000000
    endloop
  endfacet
  facet normal 0.893394 -0.440573 0.087992
    outer loop
      vertex -0.433013 0.250000 0.000000
      vertex -0.461940 0.191342 0.000000
      vertex -0.424692 0.250000 -0.084477
    endloop
  endfacet
  facet normal 0.893394 -0.440573 0.087992
    outer loop
      vertex -0.424692 0.250000 -0.084477
      vertex -0.461940 0.191342 0.000000
      vertex -0.453064 0.191342 -0.090120
    endloop
  endfacet
  facet normal 0.859061 -0.440573 0.260593
    outer loop
      vertex -0.424692 0.250000 -0.084477
      vertex -0.453064 0.191342 -0.090120
      vertex -0.400052 0.250000 -0.165707
    endloop
  endfacet
  facet normal 0.859061 -0.440573 0.260593
    outer loop
      vertex -0.400052 0.250000 -0.165707
      vertex -0.453064 0.191342 -0.090120
      vertex -0.426777 0.191342 -0.176777
    endloop
  endfacet
  facet normal 0.791715 -0.440573 0.423181
    outer loop
      vertex -0.400052 0.250000 -0.165707
      vertex -0.426777 0.191342 -0.176777
      vertex -0.360037 0.250000 -0.240569
    endloop
  endfacet
  facet normal 0.791715 -0.440573 0.423181
    outer loop
      vertex -0.360037 0.250000 -0.240569
      vertex -0.426777 0.191342 -0.176777
      vertex -0.384089 0.191342 -0.256640
    endloop
  endfacet
  facet normal 0.693944 -0.440573 0.569505
    outer loop
      vertex -0.360037 0.250000 -0.240569
      vertex -0.384089 0.191342 -0.256640
      vertex -0.306186 0.250000 -0.306186
    endloop
  endfacet
  facet normal 0.693944 -0.440573 0.569505
    outer loop
      vertex -0.306186 0.250000 -0.306186
      vertex -0.384089 0.191342 -0.256640
      vertex -0.326641 0.191342 -0.326641
    endloop
  endfacet
  facet normal 0.569505 -0.440573 0.693944
    outer loop
      vertex -0.306186 0.250000 -0.306186
      vertex -0.326641 0.191342 -0.326641
      vertex -0.240569 0.250000 -0.360037
    endloop
  endfacet
  facet normal 0.569505 -0.440573 0.693944
    outer loop
      vertex -0.240569 0.250000 -0.360037
      vertex -0.326641 0.191342 -0.326641
      vertex -0.256640 0.191342 -0.384089
    endloop
  endfacet
  facet normal 0.423181 -0.440573 0.791715
    outer loop
      vertex -0.240569 0.250000 -0.360037
      vertex -0.256640 0.191342 -0.384089
      vertex -0.165707 0.250000 -0.400052
    endloop
  endfacet
  facet normal 0.423181 -0.440573 0.791715
    outer loop
      vertex -0.165707 0.250000 -0.400052
      vertex -0.256640 0.191342 -0.384089
      vertex -0.176777 0.191342 -0.426777
    endloop
  endfacet
  facet normal 0.260593 -0.440573 0.859061
    outer loop
      vertex -0.165707 0.250000 -0.400052
      vertex -0.176777 0.191342 -0.426777
      vertex -0.084477 0.250000 -0.424692
    endloop
  endfacet
  facet normal 0.260593 -0.440573 0.859061
    outer loop
      vertex -0.084477 0.250000 -0.424692
      vertex -0.176777 0.191342 -0.426777
      vertex -0.090120 0.191342 -0.453064
    endloop
  endfacet
  facet normal 0.087992 -0.440573 0.893394
    outer loop
      vertex -0.084477 0.250000 -0.424692
      vertex -0.090120 0.191342 -0.453064
      vertex -0.000000 0.250000 -0.433013
    endloop
  endfacet
  facet normal 0.087992 -0.440573 0.893394
    outer loop
      vertex -0.000000 0.250000 -0.433013
      vertex -0.090120 0.191342 -0.453064
      vertex -0.000000 0.191342 -0.461940
    endloop
  endfacet
  facet normal -0.087992 -0.440573 0.893394
    outer loop
      vertex -0.000000 0.250000 -0.433013
      vertex -0.000000 0.191342 -0.461940
      vertex 0.084477 0.250000 -0.424692
    endloop
  endfacet
  facet normal -0.087992 -0.440573 0.893394
    outer loop
      vertex 0.084477 0.250000 -0.424692
      vertex -0.000000 0.191342 -0.461940
      vertex 0.090120 0.191342 -0.453064
    endloop
  endfacet
  facet normal -0.260593 -0.440573 0.859061
    outer loop
      vertex 0.084477 0.250000 -0.424692
      vertex 0.090120 0.191342 -0.453064
      vertex 0.165707 0.250000 -0.400052
    endloop
  endfacet
  facet normal -0.260593 -0.440573 0.859061
    outer loop
      vertex 0.165707 0.250000 -0.400052
      vertex 0.090120 0.191342 -0.453064
      vertex 0.176777 0.191342 -0.426777
    endloop
  endfacet
  facet normal -0.423181 -0.440573 0.791715
    outer loop
      vertex 0.165707 0.250000 -0.400052
      vertex 0.176777 0.191342 -0.426777
      vertex 0.240569 0.250000 -0.360037
    endloop
  endfacet
  facet normal -0.423181 -0.440573 0.791715
    outer loop
      vertex 0.240569 0.250000 -0.360037
      vertex 0.176777 0.191342 -0.426777
      vertex 0.256640 0.191342 -0.384089
    endloop
  endfacet
  facet normal -0.569505 -0.440573 0.693944
    outer loop
      vertex 0.240569 0.250000 -0.360037
      vertex 0.256640 0.191342 -0.384089
      vertex 0.306186 0.250000 -0.306186
    endloop
  endfacet
  facet normal -0.569505 -0.440573 0.693944
    outer loop
      vertex 0.306186 0.250000 -0.306186
      vertex 0.256640 0.191342 -0.384089
      vertex 0.326641 0.191342 -0.326641
    endloop
  endfacet
  facet normal -0.693944 -0.440573 0.569505
    outer loop
      vertex 0.306186 0.250000 -0.306186
      vertex 0.326641 0.191342 -0.326641
      vertex 0.360037 0.250000 -0.240569
    endloop
  endfacet
  facet normal -0.693944 -0.440573 0.569505
    outer loop
      vertex 0.360037 0.250000 -0.240569
      vertex 0.326641 0.191342 -0.326641
      vertex 0.384089 0.191342 -0.256640
    endloop
  endfacet
  facet normal -0.791715 -0.440573 0.423181
    outer loop
      vertex 0.360037 0.250000 -0.240569
      vertex 0.384089 0.191342 -0.256640
      vertex 0.400052 0.250000 -0.165707
    endloop
  endfacet
  facet normal -0.791715 -0.440573 0.423181
    outer loop
      vertex 0.400052 0.250000 -0.165707
      vertex 0.384089 0.191342 -0.256640
      vertex 0.426777 0.191342 -0.176777
    endloop
  endfacet
  facet normal -0.859061 -0.440573 0.260593
    outer loop
      vertex 0.400052 0.250000 -0.165707
      vertex 0.426777 0.191342 -0.176777
      vertex 0.424692 0.250000 -0.084477
    endloop
  endfacet
  facet normal -0.859061 -0.440573 0.260593
    outer loop
      vertex 0.424692 0.250000 -0.084477
      vertex 0.426777 0.191342 -0.176777
      vertex 0.453064 0.191342 -0.090120
    endloop
  endfacet
  facet normal -0.893394 -0.440573 0.087992
    outer loop
      vertex 0.424692 0.250000 -0.084477
      vertex 0.453064 0.191342 -0.090120
      vertex 0.433013 0.250000 -0.000000
    endloop
  endfacet
  facet normal -0.893394 -0.440573 0.087992
    outer loop
      vertex 0.433013 0.250000 -0.000000
      vertex 0.453064 0.191342 -0.090120
      vertex 0.461940 0.191342 -0.000000
    endloop
  endfacet
  facet normal -0.942838 -0.320051 -0.092861
    outer loop
      vertex 0.461940 0.191342 0.000000
      vertex 0.482963 0.129410 0.000000
      vertex 0.453064 0.191342 0.090120
    endloop
  endfacet
  facet normal -0.942838 -0.320051 -0.092861
    outer loop
      vertex 0.453064 0.191342 0.090120
      vertex 0.482963 0.129410 0.000000
      vertex 0.473683 0.129410 0.094221
    endloop
  endfacet
  facet normal -0.906606 -0.320051 -0.275016
    outer loop
      vertex 0.453064 0.191342 0.090120
      vertex 0.473683 0.129410 0.094221
      vertex 0.426777 0.191342 0.176777
    endloop
  endfacet
  facet normal -0.906606 -0.320051 -0.275016
    outer loop
      vertex 0.426777 0.191342 0.176777
      vertex 0.473683 0.129410 0.094221
      vertex 0.446200 0.129410 0.184822
    endloop
  endfacet
  facet normal -0.835533 -0.320051 -0.446601
    outer loop
      vertex 0.426777 0.191342 0.176777
      vertex 0.446200 0.129410 0.184822
      vertex 0.384089 0.191342 0.256640
    endloop
  endfacet
  facet normal -0.835533 -0.320051 -0.446601
    outer loop
      vertex 0.384089 0.191342 0.256640
      vertex 0.446200 0.129410 0.184822
      vertex 0.401569 0.129410 0.268320
    endloop
  endfacet
  facet normal -0.732350 -0.320051 -0.601024
    outer loop
      vertex 0.384089 0.191342 0.256640
      vertex 0.401569 0.129410 0.268320
      vertex 0.326641 0.191342 0.326641
    endloop
  endfacet
  facet normal -0.732350 -0.320051 -0.601024
    outer loop
      vertex 0.326641 0.191342 0.326641
      vertex 0.401569 0.129410 0.268320
      vertex 0.341506 0.129410 0.341506
    endloop
  endfacet
  facet normal -0.601024 -0.320051 -0.732350
    outer loop
      vertex 0.326641 0.191342 0.326641
      vertex 0.341506 0.129410 0.341506
      vertex 0.256640 0.191342 0.384089
    endloop
  endfacet
  facet normal -0.601024 -0.320051 -0.732350
    outer loop
      vertex 0.256640 0.191342 0.384089
      vertex 0.341506 0.129410 0.341506
      vertex 0.268320 0.129410 0.401569
    endloop
  endfacet
  facet normal -0.446601 -0.320051 -0.835533
    outer loop
      vertex 0.256640 0.191342 0.384089
      vertex 0.268320 0.129410 0.401569
      vertex 0.176777 0.191342 0.426777
    endloop
  endfacet
  facet normal -0.446601 -0.320051 -0.835533
    outer loop
      vertex 0.176777 0.191342 0.426777
      vertex 0.268320 0.129410 0.401569
      vertex 0.184822 0.129410 0.446200
    endloop
  endfacet
  facet normal -0.275016 -0.320051 -0.906606
    outer loop
      vertex 0.176777 0.191342 0.426777
      vertex 0.184822 0.129410 0.446200
      vertex 0.090120 0.191342 0.453064
    endloop
  endfacet
  facet normal -0.275016 -0.320051 -0.906606
    outer loop
      vertex 0.090120 0.191342 0.453064
      vertex 0.184822 0.129410 0.446200
      vertex 0.094221 0.129410 0.473683
    endloop
  endfacet
  facet normal -0.092861 -0.320051 -0.942838
    outer loop
      vertex 0.090120 0.191342 0.453064
      vertex 0.094221 0.129410 0.473683
      vertex 0.000000 0.191342 0.461940
    endloop
  endfacet
  facet normal -0.092861 -0.320051 -0.942838
    outer loop
      vertex 0.000000 0.191342 0.461940
      vertex 0.094221 0.129410 0.473683
      vertex 0.000000 0.129410 0.482963
    endloop
  endfacet
  facet normal 0.092861 -0.320051 -0.942838
    outer loop
      vertex 0.000000 0.191342 0.461940
      vertex 0.000000 0.129410 0.482963
      vertex -0.090120 0.191342 0.453064
    endloop
  endfacet
  facet normal 0.092861 -0.320051 -0.942838
    outer loop
      vertex -0.090120 0.191342 0.453064
      vertex 0.000000 0.129410 0.482963
      vertex -0.094221 0.129410 0.473683
    endloop
  endfacet
  facet normal 0.275016 -0.320051 -0.906606
    outer loop
      vertex -0.090120 0.191342 0.453064
      vertex -0.094221 0.129410 0.473683
      vertex -0.176777 0.191342 0.426777
    endloop
  endfacet
  facet normal 0.275016 -0.320051 -0.906606
    outer loop
      vertex -0.176777 0.191342 0.426777
      vertex -0.094221 0.129410 0.473683
      vertex -0.184822 0.129410 0.446200
    endloop
  endfacet
  facet normal 0.446601 -0.320051 -0.835533
    outer loop
      vertex -0.176777 0.191342 0.426777
      vertex -0.184822 0.129410 0.446200
      vertex -0.256640 0.191342 0.384089
    endloop
  endfacet
  facet normal 0.446601 -0.320051 -0.835533
    outer loop
      vertex -0.256640 0.191342 0.384089
      vertex -0.184822 0.129410 0.446200
      vertex -0.268320 0.129410 0.401569
    endloop
  endfacet
  facet normal 0.601024 -0.320051 -0.732350
    outer loop
      vertex -0.256640 0.191342 0.384089
      vertex -0.268320 0.129410 0.401569
      vertex -0.326641 0.191342 0.326641
    endloop
  endfacet
  facet normal 0.601024 -0.320051 -0.732350
    outer loop
      vertex -0.326641 0.191342 0.326641
      vertex -0.268320 0.129410 0.401569
      vertex -0.341506 0.129410 0.341506
    endloop
  endfacet
  facet normal 0.732350 -0.320051 -0.601024
    outer loop
      vertex -0.326641 0.191342 0.326641
      vertex -0.341506 0.129410 0.341506
      vertex -0.384089 0.191342 0.256640
    endloop
  endfacet
  facet normal 0.732350 -0.320051 -0.601024
    outer loop
      vertex -0.384089 0.191342 0.256640
      vertex -0.341506 0.129410 0.341506
      vertex -0.401569 0.129410 0.268320
    endloop
  endfacet
  facet normal 0.835533 -0.320051 -0.446601
    outer loop
      vertex -0.384089 0.191342 0.256640
      vertex -0.401569 0.129410 0.268320
      vertex -0.426777 0.191342 0.176777
    endloop
  endfacet
  facet normal 0.835533 -0.320051 -0.446601
    outer loop
      vertex -0.426777 0.191342 0.176777
      vertex -0.401569 0.129410 0.268320
      vertex -0.446200 0.129410 0.184822
    endloop
  endfacet
  facet normal 0.906606 -0.320051 -0.275016
    outer loop
      vertex -0.426777 0.191342 0.176777
      vertex -0.446200 0.129410 0.184822
      vertex -0.453064 0.191342 0.090120
    endloop
  endfacet
  facet normal 0.906606 -0.320051 -0.275016
    outer loop
      vertex -0.453064 0.191342 0.090120
      vertex -0.446200 0.129410 0.184822
      vertex -0.473683 0.129410 0.094221
    endloop
  endfacet
  facet normal 0.942838 -0.320051 -0.092861
    outer loop
      vertex -0.453064 0.191342 0.090120
      vertex -0.473683 0.129410 0.094221
      vertex -0.461940 0.191342 0.000000
    endloop
  endfacet
  facet normal 0.942838 -0.320051 -0.092861
    outer loop
      vertex -0.461940 0.191342 0.000000
      vertex -0.473683 0.129410 0.094221
      vertex -0.482963 0.129410 0.000000
    endloop
  endfacet
  facet normal 0.942838 -0.320051 0.092861
    outer loop
      vertex -0.461940 0.191342 0.000000
      vertex -0.482963 0.129410 0.000000
      vertex -0.453064 0.191342 -0.090120
    endloop
  endfacet
  facet normal 0.942838 -0.320051 0.092861
    outer loop
      vertex -0.453064 0.191342 -0.090120
      vertex -0.482963 0.129410 0.000000
      vertex -0.473683 0.129410 -0.094221
    endloop
  endfacet
  facet normal 0.906606 -0.320051 0.275016
    outer loop
      vertex -0.453064 0.191342 -0.090120
      vertex -0.473683 0.129410 -0.094221
      vertex -0.426777 0.191342 -0.176777
    endloop
  endfacet
  facet normal 0.906606 -0.320051 0.275016
    outer loop
      vertex -0.426777 0.191342 -0.176777
      vertex -0.473683 0.129410 -0.094221
      vertex -0.446200 0.129410 -0.184822
    endloop
  endfacet
  facet normal 0.835533 -0.320051 0.446601
    outer loop
      vertex -0.426777 0.191342 -0.176777
      vertex -0.446200 0.129410 -0.184822
      vertex -0.384089 0.191342 -0.256640
    endloop
  endfacet
  facet normal 0.835533 -0.320051 0.446601
    outer loop
      vertex -0.384089 0.191342 -0.256640
      vertex -0.446200 0.129410 -0.184822
      vertex -0.401569 0.129410 -0.268320
    endloop
  endfacet
  facet normal 0.732350 -0.320051 0.601024
    outer loop
      vertex -0.384089 0.191342 -0.256640
      vertex -0.401569 0.129410 -0.268320
      vertex -0.326641 0.191342 -0.326641
    endloop
  endfacet
  facet normal 0.732350 -0.320051 0.601024
    outer loop
      vertex -0.326641 0.191342 -0.326641
      vertex -0.401569 0.129410 -0.268320
      vertex -0.341506 0.129410 -0.341506
    endloop
  endfacet
  facet normal 0.601024 -0.320051 0.732350
    outer loop
      vertex -0.326641 0.191342 -0.326641
      vertex -0.341506 0.129410 -0.341506
      vertex -0.256640 0.191342 -0.384089
    endloop
  endfacet
  facet normal 0.601024 -0.320051 0.732350
    outer loop
      vertex -0.256640 0.191342 -0.384089
      vertex -0.341506 0.129410 -0.341506
      vertex -0.268320 0.129410 -0.401569
    endloop
  endfacet
  facet normal 0.446601 -0.320051 0.835533
    outer loop
      vertex -0.256640 0.191342 -0.384089
      vertex -0.268320 0.129410 -0.401569
      vertex -0.176777 0.191342 -0.426777
    endloop
  endfacet
  facet normal 0.446601 -0.320051 0.835533
    outer loop
      vertex -0.176777 0.191342 -0.426777
      vertex -0.268320 0.129410 -0.401569
      vertex -0.184822 0.129410 -0.446200
    endloop
  endfacet
  facet normal 0.275016 -0.320051 0.906606
    outer loop
      vertex -0.176777 0.191342 -0.426777
      vertex -0.184822 0.129410 -0.446200
      vertex -0.090120 0.191342 -0.453064
    endloop
  endfacet
  facet normal 0.275016 -0.320051 0.906606
    outer loop
      vertex -0.090120 0.191342 -0.453064
      vertex -0.184822 0.129410 -0.446200
      vertex -0.094221 0.129410 -0.473683
    endloop
  endfacet
  facet normal 0.092861 -0.320051 0.942838
    outer loop
      vertex -0.090120 0.191342 -0.453064
      vertex -0.094221 0.129410 -0.473683
      vertex -0.000000 0.191342 -0.461940
    endloop
  endfacet
  facet normal 0.092861 -0.320051 0.942838
    outer loop
      vertex -0.000000 0.191342 -0.461940
      vertex -0.094221 0.129410 -0.473683
      vertex -0.000000 0.129410 -0.482963
    endloop
  endfacet
  facet normal -0.092861 -0.320051 0.942838
    outer loop
      vertex -0.000000 0.191342 -0.461940
      vertex -0.000000 0.129410 -0.482963
      vertex 0.090120 0.191342 -0.453064
    endloop
  endfacet
  facet normal -0.092861 -0.320051 0.942838
    outer loop
      vertex 0.090120 0.191342 -0.453064
      vertex -0.000000 0.129410 -0.482963
      vertex 0.094221 0.129410 -0.473683
    endloop
  endfacet
  facet normal -0.275016 -0.320051 0.906606
    outer loop
      vertex 0.090120 0.191342 -0.453064
      vertex 0.094221 0.129410 -0.473683
      vertex 0.176777 0.191342 -0.426777
    endloop
  endfacet
  facet normal -0.275016 -0.320051 0.906606
    outer loop
      vertex 0.176777 0.191342 -0.426777
      vertex 0.094221 0.129410 -0.473683
      vertex 0.184822 0.129410 -0.446200
    endloop
  endfacet
  facet normal -0.446601 -0.320051 0.835533
    outer loop
      vertex 0.176777 0.191342 -0.426777
      vertex 0.184822 0.129410 -0.446200
      vertex 0.256640 0.191342 -0.384089
    endloop
  endfacet
  facet normal -0.446601 -0.320051 0.835533
    outer loop
      vertex 0.256640 0.191342 -0.384089
      vertex 0.184822 0.129410 -0.446200
      vertex 0.268320 0.129410 -0.401569
    endloop
  endfacet
  facet normal -0.601024 -0.320051 0.732350
    outer loop
      vertex 0.256640 0.191342 -0.384089
      vertex 0.268320 0.129410 -0.401569
      vertex 0.326641 0.191342 -0.326641
    endloop
  endfacet
  facet normal -0.601024 -0.320051 0.732350
    outer loop
      vertex 0.326641 0.191342 -0.326641
      vertex 0.268320 0.129410 -0.401569
      vertex 0.341506 0.129410 -0.341506
    endloop
  endfacet
  facet normal -0.732350 -0.320051 0.601024
    outer loop
      vertex 0.326641 0.191342 -0.326641
      vertex 0.341506 0.129410 -0.341506
      vertex 0.384089 0.191342 -0.256640
    endloop
  endfacet
  facet normal -0.732350 -0.320051 0.601024
    outer loop
      vertex 0.384089 0.191342 -0.256640
      vertex 0.341506 0.129410 -0.341506
      vertex 0.401569 0.129410 -0.268320
    endloop
  endfacet
  facet normal -0.835533 -0.320051 0.446601
    outer loop
      vertex 0.384089 0.191342 -0.256640
      vertex 0.401569 0.129410 -0.268320
      vertex 0.426777 0.191342 -0.176777
    endloop
  endfacet
  facet normal -0.835533 -0.320051 0.446601
    outer loop
      vertex 0.426777 0.191342 -0.176777
      vertex 0.401569 0.129410 -0.268320
      vertex 0.446200 0.129410 -0.184822
    endloop
  endfacet
  facet normal -0.906606 -0.320051 0.275016
    outer loop
      vertex 0.426777 0.191342 -0.176777
      vertex 0.446200 0.129410 -0.184822
      vertex 0.453064 0.191342 -0.090120
    endloop
  endfacet
  facet normal -0.906606 -0.320051 0.275016
    outer loop
      vertex 0.453064 0.191342 -0.090120
      vertex 0.446200 0.129410 -0.184822
      vertex 0.473683 0.129410 -0.094221
    endloop
  endfacet
  facet normal -0.942838 -0.320051 0.092861
    outer loop
      vertex 0.453064 0.191342 -0.090120
      vertex 0.473683 0.129410 -0.094221
      vertex 0.461940 0.191342 -0.000000
    endloop
  endfacet
  facet normal -0.942838 -0.320051 0.092861
    outer loop
      vertex 0.461940 0.191342 -0.000000
      vertex 0.473683 0.129410 -0.094221
      vertex 0.482963 0.129410 -0.000000
    endloop
  endfacet
  facet normal -0.976241 -0.194186 -0.096151
    outer loop
      vertex 0.482963 0.129410 0.000000
      vertex 0.495722 0.065263 0.000000
      vertex 0.473683 0.129410 0.094221
    endloop
  endfacet
  facet normal -0.976241 -0.194186 -0.096151
    outer loop
      vertex 0.473683 0.129410 0.094221
      vertex 0.495722 0.065263 0.000000
      vertex 0.486197 0.065263 0.096711
    endloop
  endfacet
  facet normal -0.938725 -0.194186 -0.284759
    outer loop
      vertex 0.473683 0.129410 0.094221
      vertex 0.486197 0.065263 0.096711
      vertex 0.446200 0.129410 0.184822
    endloop
  endfacet
  facet normal -0.938725 -0.194186 -0.284759
    outer loop
      vertex 0.446200 0.129410 0.184822
      vertex 0.486197 0.065263 0.096711
      vertex 0.457988 0.065263 0.189705
    endloop
  endfacet
  facet normal -0.865134 -0.194186 -0.462424
    outer loop
      vertex 0.446200 0.129410 0.184822
      vertex 0.457988 0.065263 0.189705
      vertex 0.401569 0.129410 0.268320
    endloop
  endfacet
  facet normal -0.865134 -0.194186 -0.462424
    outer loop
      vertex 0.401569 0.129410 0.268320
      vertex 0.457988 0.065263 0.189705
      vertex 0.412178 0.065263 0.275409
    endloop
  endfacet
  facet normal -0.758296 -0.194186 -0.622317
    outer loop
      vertex 0.401569 0.129410 0.268320
      vertex 0.412178 0.065263 0.275409
      vertex 0.341506 0.129410 0.341506
    endloop
  endfacet
  facet normal -0.758296 -0.194186 -0.622317
    outer loop
      vertex 0.341506 0.129410 0.341506
      vertex 0.412178 0.065263 0.275409
      vertex 0.350529 0.065263 0.350529
    endloop
  endfacet
  facet normal -0.622317 -0.194186 -0.758296
    outer loop
      vertex 0.341506 0.129410 0.341506
      vertex 0.350529 0.065263 0.350529
      vertex 0.268320 0.129410 0.401569
    endloop
  endfacet
  facet normal -0.622317 -0.194186 -0.758296
    outer loop
      vertex 0.268320 0.129410 0.401569
      vertex 0.350529 0.065263 0.350529
      vertex 0.275409 0.065263 0.412178
    endloop
  endfacet
  facet normal -0.462424 -0.194186 -0.865134
    outer loop
      vertex 0.268320 0.129410 0.401569
      vertex 0.275409 0.065263 0.412178
      vertex 0.184822 0.129410 0.446200
    endloop
  endfacet
  facet normal -0.462424 -0.194186 -0.865134
    outer loop
      vertex 0.184822 0.129410 0.446200
      vertex 0.275409 0.065263 0.412178
      vertex 0.189705 0.065263 0.457988
    endloop
  endfacet
  facet normal -0.284759 -0.194186 -0.938725
    outer loop
      vertex 0.184822 0.129410 0.446200
      vertex 0.189705 0.065263 0.457988
      vertex 0.094221 0.129410 0.473683
    endloop
  endfacet
  facet normal -0.284759 -0.194186 -0.938725
    outer loop
      vertex 0.094221 0.129410 0.473683
      vertex 0.189705 0.065263 0.457988
      vertex 0.096711 0.065263 0.486197
    endloop
  endfacet
  facet normal -0.096151 -0.194186 -0.976241
    outer loop
      vertex 0.094221 0.129410 0.473683
      vertex 0.096711 0.065263 0.486197
      vertex 0.000000 0.129410 0.482963
    endloop
  endfacet
  facet normal -0.096151 -0.194186 -0.976241
    outer loop
      vertex 0.000000 0.129410 0.482963
      vertex 0.096711 0.065263 0.486197
      vertex 0.000000 0.065263 0.495722
    endloop
  endfacet
  facet normal 0.096151 -0.194186 -0.976241
    outer loop
      vertex 0.000000 0.129410 0.482963
      vertex 0.000000 0.065263 0.495722
      vertex -0.094221 0.129410 0.473683
    endloop
  endfacet
  facet normal 0.096151 -0.194186 -0.976241
    outer loop
      vertex -0.094221 0.129410 0.473683
      vertex 0.000000 0.065263 0.495722
      vertex -0.096711 0.065263 0.486197
    endloop
  endfacet
  facet normal 0.284759 -0.194186 -0.938725
    outer loop
      vertex -0.094221 0.129410 0.473683
      vertex -0.096711 0.065263 0.486197
      vertex -0.184822 0.129410 0.446200
    endloop
  endfacet
  facet normal 0.284759 -0.194186 -0.938725
    outer loop
      vertex -0.184822 0.129410 0.446200
      vertex -0.096711 0.065263 0.486197
      vertex -0.189705 0.065263 0.457988
    endloop
  endfacet
  facet normal 0.462424 -0.194186 -0.865134
    outer loop
      vertex -0.184822 0.129410 0.446200
      vertex -0.189705 0.065263 0.457988
      vertex -0.268320 0.129410 0.401569
    endloop
  endfacet
  facet normal 0.462424 -0.194186 -0.865134
    outer loop
      vertex -0.268320 0.129410 0.401569
      vertex -0.189705 0.065263 0.457988
      vertex -0.275409 0.065263 0.412178
    endloop
  endfacet
  facet normal 0.622317 -0.194186 -0.758296
    outer loop
      vertex -0.268320 0.129410 0.401569
      vertex -0.275409 0.065263 0.412178
      vertex -0.341506 0.129410 0.341506
    endloop
  endfacet
  facet normal 0.622317 -0.194186 -0.758296
    outer loop
      vertex -0.341506 0.129410 0.341506
      vertex -0.275409 0.065263 0.412178
      vertex -0.350529 0.065263 0.350529
    endloop
  endfacet
  facet normal 0.758296 -0.194186 -0.622317
    outer loop
      vertex -0.341506 0.129410 0.341506
      vertex -0.350529 0.065263 0.350529
      vertex -0.401569 0.129410 0.268320
    endloop
  endfacet
  facet normal 0.758296 -0.194186 -0.622317
    outer loop
      vertex -0.401569 0.129410 0.268320
      vertex -0.350529 0.065263 0.350529
      vertex -0.412178 0.065263 0.275409
    endloop
  endfacet
  facet normal 0.865134 -0.194186 -0.462424
    outer loop
      vertex -0.401569 0.129410 0.268320
      vertex -0.412178 0.065263 0.275409
      vertex -0.446200 0.129410 0.184822
    endloop
  endfacet
  facet normal 0.865134 -0.194186 -0.462424
    outer loop
      vertex -0.446200 0.129410 0.184822
      vertex -0.412178 0.065263 0.275409
      vertex -0.457988 0.065263 0.189705
    endloop
  endfacet
  facet normal 0.938725 -0.194186 -0.284759
    outer loop
      vertex -0.446200 0.129410 0.184822
      vertex -0.457988 0.065263 0.189705
      vertex -0.473683 0.129410 0.094221
    endloop
  endfacet
  facet normal 0.938725 -0.194186 -0.284759
    outer loop
      vertex -0.473683 0.129410 0.094221
      vertex -0.457988 0.065263 0.189705
      vertex -0.486197 0.065263 0.096711
    endloop
  endfacet
  facet normal 0.976241 -0.194186 -0.096151
    outer loop
      vertex -0.473683 0.129410 0.094221
      vertex -0.486197 0.065263 0.096711
      vertex -0.482963 0.129410 0.000000
    endloop
  endfacet
  facet normal 0.976241 -0.194186 -0.096151
    outer loop
      vertex -0.482963 0.129410 0.000000
      vertex -0.486197 0.065263 0.096711
      vertex -0.495722 0.065263 0.000000
    endloop
  endfacet
  facet normal 0.976241 -0.194186 0.096151
    outer loop
      vertex -0.482963 0.129410 0.000000
      vertex -0.495722 0.065263 0.000000
      vertex -0.473683 0.129410 -0.094221
    endloop
  endfacet
  facet normal 0.976241 -0.194186 0.096151
    outer loop
      vertex -0.473683 0.129410 -0.094221
      vertex -0.495722 0.065263 0.000000
      vertex -0.486197 0.065263 -0.096711
    endloop
  endfacet
  facet normal 0.938725 -0.194186 0.284759
    outer loop
      vertex -0.473683 0.129410 -0.094221
      vertex -0.486197 0.065263 -0.096711
      vertex -0.446200 0.129410 -0.184822
    endloop
  endfacet
  facet normal 0.938725 -0.194186 0.284759
    outer loop
      vertex -0.446200 0.129410 -0.184822
      vertex -0.486197 0.065263 -0.096711
      vertex -0.457988 0.065263 -0.189705
    endloop
  endfacet
  facet normal 0.865134 -0.194186 0.462424
    outer loop
      vertex -0.446200 0.129410 -0.184822
      vertex -0.457988 0.065263 -0.189705
      vertex -0.401569 0.129410 -0.268320
    endloop
  endfacet
  facet normal 0.865134 -0.194186 0.462424
    outer loop
      vertex -0.401569 0.129410 -0.268320
      vertex -0.457988 0.065263 -0.189705
      vertex -0.412178 0.065263 -0.275409
    endloop
  endfacet
  facet normal 0.758296 -0.194186 0.622317
    outer loop
      vertex -0.401569 0.129410 -0.268320
      vertex -0.412178 0.065263 -0.275409
      vertex -0.341506 0.129410 -0.341506
    endloop
  endfacet
  facet normal 0.758296 -0.194186 0.622317
    outer loop
      vertex -0.341506 0.129410 -0.341506
      vertex -0.412178 0.065263 -0.275409
      vertex -0.350529 0.065263 -0.350529
    endloop
  endfacet
  facet normal 0.622317 -0.194186 0.758296
    outer loop
      vertex -0.341506 0.129410 -0.341506
      vertex -0.350529 0.065263 -0.350529
      vertex -0.268320 0.129410 -0.401569
    endloop
  endfacet
  facet normal 0.622317 -0.194186 0.758296
    outer loop
      vertex -0.268320 0.129410 -0.401569
      vertex -0.350529 0.065263 -0.350529
      vertex -0.275409 0.065263 -0.412178
    endloop
  endfacet
  facet normal 0.462424 -0.194186 0.865134
    outer loop
      vertex -0.268320 0.129410 -0.401569
      vertex -0.275409 0.065263 -0.412178
      vertex -0.184822 0.129410 -0.446200
    endloop
  endfacet
  facet normal 0.462424 -0.194186 0.865134
    outer loop
      vertex -0.184822 0.129410 -0.446200
      vertex -0.275409 0.065263 -0.412178
      vertex -0.189705 0.065263 -0.457988
    endloop
  endfacet
  facet normal 0.284759 -0.194186 0.938725
    outer loop
      vertex -0.184822 0.129410 -0.446200
      vertex -0.189705 0.065263 -0.457988
      vertex -0.094221 0.129410 -0.473683
    endloop
  endfacet
  facet normal 0.284759 -0.194186 0.938725
    outer loop
      vertex -0.094221 0.129410 -0.473683
      vertex -0.189705 0.065263 -0.457988
      vertex -0.096711 0.065263 -0.486197
    endloop
  endfacet
  facet normal 0.096151 -0.194186 0.976241
    outer loop
      vertex -0.094221 0.129410 -0.473683
      vertex -0.096711 0.065263 -0.486197
      vertex -0.000000 0.129410 -0.482963
    endloop
  endfacet
  facet normal 0.096151 -0.194186 0.976241
    outer loop
      vertex -0.000000 0.129410 -0.482963
      vertex -0.096711 0.065263 -0.486197
      vertex -0.000000 0.065263 -0.495722
    endloop
  endfacet
  facet normal -0.096151 -0.194186 0.976241
    outer loop
      vertex -0.000000 0.129410 -0.482963
      vertex -0.000000 0.065263 -0.495722
      vertex 0.094221 0.129410 -0.473683
    endloop
  endfacet
  facet normal -0.096151 -0.194186 0.976241
    outer loop
      vertex 0.094221 0.129410 -0.473683
      vertex -0.000000 0.065263 -0.495722
      vertex 0.096711 0.065263 -0.486197
    endloop
  endfacet
  facet normal -0.284759 -0.194186 0.938725
    outer loop
      vertex 0.094221 0.129410 -0.473683
      vertex 0.096711 0.065263 -0.486197
      vertex 0.184822 0.129410 -0.446200
    endloop
  endfacet
  facet normal -0.284759 -0.194186 0.938725
    outer loop
      vertex 0.184822 0.129410 -0.446200
      vertex 0.096711 0.065263 -0.486197
      vertex 0.189705 0.065263 -0.457988
    endloop
  endfacet
  facet normal -0.462424 -0.194186 0.865134
    outer loop
      vertex 0.184822 0.129410 -0.446200
      vertex 0.189705 0.065263 -0.457988
      vertex 0.268320 0.129410 -0.401569
    endloop
  endfacet
  facet normal -0.462424 -0.194186 0.865134
    outer loop
      vertex 0.268320 0.129410 -0.401569
      vertex 0.189705 0.065263 -0.457988
      vertex 0.275409 0.065263 -0.412178
    endloop
  endfacet
  facet normal -0.622317 -0.194186 0.758296
    outer loop
      vertex 0.268320 0.129410 -0.401569
      vertex 0.275409 0.065263 -0.412178
      vertex 0.341506 0.129410 -0.341506
    endloop
  endfacet
  facet normal -0.622317 -0.194186 0.758296
    outer loop
      vertex 0.341506 0.129410 -0.341506
      vertex 0.275409 0.065263 -0.412178
      vertex 0.350529 0.065263 -0.350529
    endloop
  endfacet
  facet normal -0.758296 -0.194186 0.622317
    outer loop
      vertex 0.341506 0.129410 -0.341506
      vertex 0.350529 0.065263 -0.350529
      vertex 0.401569 0.129410 -0.268320
    endloop
  endfacet
  facet normal -0.758296 -0.194186 0.622317
    outer loop
      vertex 0.401569 0.129410 -0.268320
      vertex 0.350529 0.065263 -0.350529
      vertex 0.412178 0.065263 -0.275409
    endloop
  endfacet
  facet normal -0.865134 -0.194186 0.462424
    outer loop
      vertex 0.401569 0.129410 -0.268320
      vertex 0.412178 0.065263 -0.275409
      vertex 0.446200 0.129410 -0.184822
    endloop
  endfacet
  facet normal -0.865134 -0.194186 0.462424
    outer loop
      vertex 0.446200 0.129410 -0.184822
      vertex 0.412178 0.065263 -0.275409
      vertex 0.457988 0.065263 -0.189705
    endloop
  endfacet
  facet normal -0.938725 -0.194186 0.284759
    outer loop
      vertex 0.446200 0.129410 -0.184822
      vertex 0.457988 0.065263 -0.189705
      vertex 0.473683 0.129410 -0.094221
    endloop
  endfacet
  facet normal -0.938725 -0.194186 0.284759
    outer loop
      vertex 0.473683 0.129410 -0.094221
      vertex 0.457988 0.065263 -0.189705
      vertex 0.486197 0.065263 -0.096711
    endloop
  endfacet
  facet normal -0.976241 -0.194186 0.096151
    outer loop
      vertex 0.473683 0.129410 -0.094221
      vertex 0.486197 0.065263 -0.096711
      vertex 0.482963 0.129410 -0.000000
    endloop
  endfacet
  facet normal -0.976241 -0.194186 0.096151
    outer loop
      vertex 0.482963 0.129410 -0.000000
      vertex 0.486197 0.065263 -0.096711
      vertex 0.495722 0.065263 -0.000000
    endloop
  endfacet
  facet normal -0.993074 -0.065090 -0.097809
    outer loop
      vertex 0.495722 0.065263 0.000000
      vertex 0.500000 0.000000 0.000000
      vertex 0.486197 0.065263 0.096711
    endloop
  endfacet
  facet normal -0.993074 -0.065090 -0.097809
    outer loop
      vertex 0.486197 0.065263 0.096711
      vertex 0.500000 0.000000 0.000000
      vertex 0.490393 0.000000 0.097545
    endloop
  endfacet
  facet normal -0.954911 -0.065090 -0.289669
    outer loop
      vertex 0.486197 0.065263 0.096711
      vertex 0.490393 0.000000 0.097545
      vertex 0.457988 0.065263 0.189705
    endloop
  endfacet
  facet normal -0.954911 -0.065090 -0.289669
    outer loop
      vertex 0.457988 0.065263 0.189705
      vertex 0.490393 0.000000 0.097545
      vertex 0.461940 0.000000 0.191342
    endloop
  endfacet
  facet normal -0.880051 -0.065090 -0.470397
    outer loop
      vertex 0.457988 0.065263 0.189705
      vertex 0.461940 0.000000 0.191342
      vertex 0.412178 0.065263 0.275409
    endloop
  endfacet
  facet normal -0.880051 -0.065090 -0.470397
    outer loop
      vertex 0.412178 0.065263 0.275409
      vertex 0.461940 0.000000 0.191342
      vertex 0.415735 0.000000 0.277785
    endloop
  endfacet
  facet normal -0.771371 -0.065090 -0.633048
    outer loop
      vertex 0.412178 0.065263 0.275409
      vertex 0.415735 0.000000 0.277785
      vertex 0.350529 0.065263 0.350529
    endloop
  endfacet
  facet normal -0.771371 -0.065090 -0.633048
    outer loop
      vertex 0.350529 0.065263 0.350529
      vertex 0.415735 0.000000 0.277785
      vertex 0.353553 0.000000 0.353553
    endloop
  endfacet
  facet normal -0.633048 -0.065090 -0.771371
    outer loop
      vertex 0.350529 0.065263 0.350529
      vertex 0.353553 0.000000 0.353553
      vertex 0.275409 0.065263 0.412178
    endloop
  endfacet
  facet normal -0.633048 -0.065090 -0.771371
    outer loop
      vertex 0.275409 0.065263 0.412178
      vertex 0.353553 0.000000 0.353553
      vertex 0.277785 0.000000 0.415735
    endloop
  endfacet
  facet normal -0.470397 -0.065090 -0.880051
    outer loop
      vertex 0.275409 0.065263 0.412178
      vertex 0.277785 0.000000 0.415735
      vertex 0.189705 0.065263 0.457988
    endloop
  endfacet
  facet normal -0.470397 -0.065090 -0.880051
    outer loop
      vertex 0.189705 0.065263 0.457988
      vertex 0.277785 0.000000 0.415735
      vertex 0.191342 0.000000 0.461940
    endloop
  endfacet
  facet normal -0.289669 -0.065090 -0.954911
    outer loop
      vertex 0.189705 0.065263 0.457988
      vertex 0.191342 0.000000 0.461940
      vertex 0.096711 0.065263 0.486197
    endloop
  endfacet
  facet normal -0.289669 -0.065090 -0.954911
    outer loop
      vertex 0.096711 0.065263 0.486197
      vertex 0.191342 0.000000 0.461940
      vertex 0.097545 0.000000 0.490393
    endloop
  endfacet
  facet normal -0.097809 -0.065090 -0.993074
    outer loop
      vertex 0.096711 0.065263 0.486197
      vertex 0.097545 0.000000 0.490393
      vertex 0.000000 0.065263 0.495722
    endloop
  endfacet
  facet normal -0.097809 -0.065090 -0.993074
    outer loop
      vertex 0.000000 0.065263 0.495722
      vertex 0.097545 0.000000 0.490393
      vertex 0.000000 0.000000 0.500000
    endloop
  endfacet
  facet normal 0.097809 -0.065090 -0.993074
    outer loop
      vertex 0.000000 0.065263 0.495722
      vertex 0.000000 0.000000 0.500000
      vertex -0.096711 0.065263 0.486197
    endloop
  endfacet
  facet normal 0.097809 -0.065090 -0.993074
    outer loop
      vertex -0.096711 0.065263 0.486197
      vertex 0.000000 0.000000 0.500000
      vertex -0.097545 0.000000 0.490393
    endloop
  endfacet
  facet normal 0.289669 -0.065090 -0.954911
    outer loop
      vertex -0.096711 0.065263 0.486197
      vertex -0.097545 0.000000 0.490393
      vertex -0.189705 0.065263 0.457988
    endloop
  endfacet
  facet normal 0.289669 -0.065090 -0.954911
    outer loop
      vertex -0.189705 0.065263 0.457988
      vertex -0.097545 0.000000 0.490393
      vertex -0.191342 0.000000 0.461940
    endloop
  endfacet
  facet normal 0.470397 -0.065090 -0.880051
    outer loop
      vertex -0.189705 0.065263 0.457988
      vertex -0.191342 0.000000 0.461940
      vertex -0.275409 0.065263 0.412178
    endloop
  endfacet
  facet normal 0.470397 -0.065090 -0.880051
    outer loop
      vertex -0.275409 0.065263 0.412178
      vertex -0.191342 0.000000 0.461940
      vertex -0.277785 0.000000 0.415735
    endloop
  endfacet
  facet normal 0.633048 -0.065090 -0.771371
    outer loop
      vertex -0.275409 0.065263 0.412178
      vertex -0.277785 0.000000 0.415735
      vertex -0.350529 0.065263 0.350529
    endloop
  endfacet
  facet normal 0.633048 -0.065090 -0.771371
    outer loop
      vertex -0.350529 0.065263 0.350529
      vertex -0.277785 0.000000 0.415735
      vertex -0.353553 0.000000 0.353553
    endloop
  endfacet
  facet normal 0.771371 -0.065090 -0.633048
    outer loop
      vertex -0.350529 0.065263 0.350529
      vertex -0.353553 0.000000 0.353553
      vertex -0.412178 0.065263 0.275409
    endloop
  endfacet
  facet normal 0.771371 -0.065090 -0.633048
    outer loop
      vertex -0.412178 0.065263 0.275409
      vertex -0.353553 0.000000 0.353553
      vertex -0.415735 0.000000 0.277785
    endloop
  endfacet
  facet normal 0.880051 -0.065090 -0.470397
    outer loop
      vertex -0.412178 0.065263 0.275409
      vertex -0.415735 0.000000 0.277785
      vertex -0.457988 0.065263 0.189705
    endloop
  endfacet
  facet normal 0.880051 -0.065090 -0.470397
    outer loop
      vertex -0.457988 0.065263 0.189705
      vertex -0.415735 0.000000 0.277785
      vertex -0.461940 0.000000 0.191342
    endloop
  endfacet
  facet normal 0.954911 -0.065090 -0.289669
    outer loop
      vertex -0.457988 0.065263 0.189705
      vertex -0.461940 0.000000 0.191342
      vertex -0.486197 0.065263 0.096711
    endloop
  endfacet
  facet normal 0.954911 -0.065090 -0.289669
    outer loop
      vertex -0.486197 0.065263 0.096711
      vertex -0.461940 0.000000 0.191342
      vertex -0.490393 0.000000 0.097545
    endloop
  endfacet
  facet normal 0.993074 -0.065090 -0.097809
    outer loop
      vertex -0.486197 0.065263 0.096711
      vertex -0.490393 0.000000 0.097545
      vertex -0.495722 0.065263 0.000000
    endloop
  endfacet
  facet normal 0.993074 -0.065090 -0.097809
    outer loop
      vertex -0.495722 0.065263 0.000000
      vertex -0.490393 0.000000 0.097545
      vertex -0.500000 0.000000 0.000000
    endloop
  endfacet
  facet normal 0.993074 -0.065090 0.097809
    outer loop
      vertex -0.495722 0.065263 0.000000
      vertex -0.500000 0.000000 0.000000
      vertex -0.486197 0.065263 -0.096711
    endloop
  endfacet
  facet normal 0.993074 -0.065090 0.097809
    outer loop
      vertex -0.486197 0.065263 -0.096711
      vertex -0.500000 0.000000 0.000000
      vertex -0.490393 0.000000 -0.097545
    endloop
  endfacet
  facet normal 0.954911 -0.065090 0.289669
    outer loop
      vertex -0.486197 0.065263 -0.096711
      vertex -0.490393 0.000000 -0.097545
      vertex -0.457988 0.065263 -0.189705
    endloop
  endfacet
  facet normal 0.954911 -0.065090 0.289669
    outer loop
      vertex -0.457988 0.065263 -0.189705
      vertex -0.490393 0.000000 -0.097545
      vertex -0.461940 0.000000 -0.191342
    endloop
  endfacet
  facet normal 0.880051 -0.065090 0.470397
    outer loop
      vertex -0.457988 0.065263 -0.189705
      vertex -0.461940 0.000000 -0.191342
      vertex -0.412178 0.065263 -0.275409
    endloop
  endfacet
  facet normal 0.880051 -0.065090 0.470397
    outer loop
      vertex -0.412178 0.065263 -0.275409
      vertex -0.461940 0.000000 -0.191342
      vertex -0.415735 0.000000 -0.277785
    endloop
  endfacet
  facet normal 0.771371 -0.065090 0.633048
    outer loop
      vertex -0.412178 0.065263 -0.275409
      vertex -0.415735 0.000000 -0.277785
      vertex -0.350529 0.065263 -0.350529
    endloop
  endfacet
  facet normal 0.771371 -0.065090 0.633048
    outer loop
      vertex -0.350529 0.065263 -0.350529
      vertex -0.415735 0.000000 -0.277785
      vertex -0.353553 0.000000 -0.353553
    endloop
  endfacet
  facet normal 0.633048 -0.065090 0.771371
    outer loop
      vertex -0.350529 0.065263 -0.350529
      vertex -0.353553 0.000000 -0.353553
      vertex -0.275409 0.065263 -0.412178
    endloop
  endfacet
  facet normal 0.633048 -0.065090 0.771371
    outer loop
      vertex -0.275409 0.065263 -0.412178
      vertex -0.353553 0.000000 -0.353553
      vertex -0.277785 0.000000 -0.415735
    endloop
  endfacet
  facet normal 0.470397 -0.065090 0.880051
    outer loop
      vertex -0.275409 0.065263 -0.412178
      vertex -0.277785 0.000000 -0.415735
      vertex -0.189705 0.065263 -0.457988
    endloop
  endfacet
  facet normal 0.470397 -0.065090 0.880051
    outer loop
      vertex -0.189705 0.065263 -0.457988
      vertex -0.277785 0.000000 -0.415735
      vertex -0.191342 0.000000 -0.461940
    endloop
  endfacet
  facet normal 0.289669 -0.065090 0.954911
    outer loop
      vertex -0.189705 0.065263 -0.457988
      vertex -0.191342 0.000000 -0.461940
      vertex -0.096711 0.065263 -0.486197
    endloop
  endfacet
  facet normal 0.289669 -0.065090 0.954911
    outer loop
      vertex -0.096711 0.065263 -0.486197
      vertex -0.191342 0.000000 -0.461940
      vertex -0.097545 0.000000 -0.490393
    endloop
  endfacet
  facet normal 0.097809 -0.065090 0.993074
    outer loop
      vertex -0.096711 0.065263 -0.486197
      vertex -0.097545 0.000000 -0.490393
      vertex -0.000000 0.065263 -0.495722
    endloop
  endfacet
  facet normal 0.097809 -0.065090 0.993074
    outer loop
      vertex -0.000000 0.065263 -0.495722
      vertex -0.097545 0.000000 -0.490393
      vertex -0.000000 0.000000 -0.500000
    endloop
  endfacet
  facet normal -0.097809 -0.065090 0.993074
    outer loop
      vertex -0.000000 0.065263 -0.495722
      vertex -0.000000 0.000000 -0.500000
      vertex 0.096711 0.065263 -0.486197
    endloop
  endfacet
  facet normal -0.097809 -0.065090 0.993074
    outer loop
      vertex 0.096711 0.065263 -0.486197
      vertex -0.000000 0.000000 -0.500000
      vertex 0.097545 0.000000 -0.490393
    endloop
  endfacet
  facet normal -0.289669 -0.065090 0.954911
    outer loop
      vertex 0.096711 0.065263 -0.486197
      vertex 0.097545 0.000000 -0.490393
      vertex 0.189705 0.065263 -0.457988
    endloop
  endfacet
  facet normal -0.289669 -0.065090 0.954911
    outer loop
      vertex 0.189705 0.065263 -0.457988
      vertex 0.097545 0.000000 -0.490393
      vertex 0.191342 0.000000 -0.461940
    endloop
  endfacet
  facet normal -0.470397 -0.065090 0.880051
    outer loop
      vertex 0.189705 0.065263 -0.457988
      vertex 0.191342 0.000000 -0.461940
      vertex 0.275409 0.065263 -0.412178
    endloop
  endfacet
  facet normal -0.470397 -0.065090 0.880051
    outer loop
      vertex 0.275409 0.065263 -0.412178
      vertex 0.191342 0.000000 -0.461940
      vertex 0.277785 0.000000 -0.415735
    endloop
  endfacet
  facet normal -0.633048 -0.065090 0.771371
    outer loop
      vertex 0.275409 0.065263 -0.412178
      vertex 0.277785 0.000000 -0.415735
      vertex 0.350529 0.065263 -0.350529
    endloop
  endfacet
  facet normal -0.633048 -0.065090 0.771371
    outer loop
      vertex 0.350529 0.065263 -0.350529
      vertex 0.277785 0.000000 -0.415735
      vertex 0.353553 0.000000 -0.353553
    endloop
  endfacet
  facet normal -0.771371 -0.065090 0.633048
    outer loop
      vertex 0.350529 0.065263 -0.350529
      vertex 0.353553 0.000000 -0.353553
      vertex 0.412178 0.065263 -0.275409
    endloop
  endfacet
  facet normal -0.771371 -0.065090 0.633048
    outer loop
      vertex 0.412178 0.065263 -0.275409
      vertex 0.353553 0.000000 -0.353553
      vertex 0.415735 0.000000 -0.277785
    endloop
  endfacet
  facet normal -0.880051 -0.065090 0.470397
    outer loop
      vertex 0.412178 0.065263 -0.275409
      vertex 0.415735 0.000000 -0.277785
      vertex 0.457988 0.065263 -0.189705
    endloop
  endfacet
  facet normal -0.880051 -0.065090 0.470397
    outer loop
      vertex 0.457988 0.065263 -0.189705
      vertex 0.415735 0.000000 -0.277785
      vertex 0.461940 0.000000 -0.191342
    endloop
  endfacet
  facet normal -0.954911 -0.065090 0.289669
    outer loop
      vertex 0.457988 0.065263 -0.189705
      vertex 0.461940 0.000000 -0.191342
      vertex 0.486197 0.065263 -0.096711
    endloop
  endfacet
  facet normal -0.954911 -0.065090 0.289669
    outer loop
      vertex 0.486197 0.065263 -0.096711
      vertex 0.461940 0.000000 -0.191342
      vertex 0.490393 0.000000 -0.097545
    endloop
  endfacet
  facet normal -0.993074 -0.065090 0.097809
    outer loop
      vertex 0.486197 0.065263 -0.096711
      vertex 0.490393 0.000000 -0.097545
      vertex 0.495722 0.065263 -0.000000
    endloop
  endfacet
  facet normal -0.993074 -0.065090 0.097809
    outer loop
      vertex 0.495722 0.065263 -0.000000
      vertex 0.490393 0.000000 -0.097545
      vertex 0.500000 0.000000 -0.000000
    endloop
  endfacet
  facet normal -0.993074 0.065090 -0.097809
    outer loop
      vertex 0.500000 0.000000 0.000000
      vertex 0.495722 -0.065263 0.000000
      vertex 0.490393 0.000000 0.097545
    endloop
  endfacet
  facet normal -0.993074 0.065090 -0.097809
    outer loop
      vertex 0.490393 0.000000 0.097545
      vertex 0.495722 -0.065263 0.000000
      vertex 0.486197 -0.065263 0.096711
    endloop
  endfacet
  facet normal -0.954911 0.065090 -0.289669
    outer loop
      vertex 0.490393 0.000000 0.097545
      vertex 0.486197 -0.065263 0.096711
      vertex 0.461940 0.000000 0.191342
    endloop
  endfacet
  facet normal -0.954911 0.065090 -0.289669
    outer loop
      vertex 0.461940 0.000000 0.191342
      vertex 0.486197 -0.065263 0.096711
      vertex 0.457988 -0.065263 0.189705
    endloop
  endfacet
  facet normal -0.880051 0.065090 -0.470397
    outer loop
      vertex 0.461940 0.000000 0.191342
      vertex 0.457988 -0.065263 0.189705
      vertex 0.415735 0.000000 0.277785
    endloop
  endfacet
  facet normal -0.880051 0.065090 -0.470397
    outer loop
      vertex 0.415735 0.000000 0.277785
      vertex 0.457988 -0.065263 0.189705
      vertex 0.412178 -0.065263 0.275409
    endloop
  endfacet
  facet normal -0.771371 0.065090 -0.633048
    outer loop
      vertex 0.415735 0.000000 0.277785
      vertex 0.412178 -0.065263 0.275409
      vertex 0.353553 0.000000 0.353553
    endloop
  endfacet
  facet normal -0.771371 0.065090 -0.633048
    outer loop
      vertex 0.353553 0.000000 0.353553
      vertex 0.412178 -0.065263 0.275409
      vertex 0.350529 -0.065263 0.350529
    endloop
  endfacet
  facet normal -0.633048 0.065090 -0.771371
    outer loop
      vertex 0.353553 0.000000 0.353553
      vertex 0.350529 -0.065263 0.350529
      vertex 0.277785 0.000000 0.415735
    endloop
  endfacet
  facet normal -0.633048 0.065090 -0.771371
    outer loop
      vertex 0.277785 0.000000 0.415735
      vertex 0.350529 -0.065263 0.350529
      vertex 0.275409 -0.065263 0.412178
    endloop
  endfacet
  facet normal -0.470397 0.065090 -0.880051
    outer loop
      vertex 0.277785 0.000000 0.415735
      vertex 0.275409 -0.065263 0.412178
      vertex 0.191342 0.000000 0.461940
    endloop
  endfacet
  facet normal -0.470397 0.065090 -0.880051
    outer loop
      vertex 0.191342 0.000000 0.461940
      vertex 0.275409 -0.065263 0.412178
      vertex 0.189705 -0.065263 0.457988
    endloop
  endfacet
  facet normal -0.289669 0.065090 -0.954911
    outer loop
      vertex 0.191342 0.000000 0.461940
      vertex 0.189705 -0.065263 0.457988
      vertex 0.097545 0.000000 0.490393
    endloop
  endfacet
  facet normal -0.289669 0.065090 -0.954911
    outer loop
      vertex 0.097545 0.000000 0.490393
      vertex 0.189705 -0.065263 0.457988
      vertex 0.096711 -0.065263 0.486197
    endloop
  endfacet
  facet normal -0.097809 0.065090 -0.993074
    outer loop
      vertex 0.097545 0.000000 0.490393
      vertex 0.096711 -0.065263 0.486197
      vertex 0.000000 0.000000 0.500000
    endloop
  endfacet
  facet normal -0.097809 0.065090 -0.993074
    outer loop
      vertex 0.000000 0.000000 0.500000
      vertex 0.096711 -0.065263 0.486197
      vertex 0.000000 -0.065263 0.495722
    endloop
  endfacet
  facet normal 0.097809 0.065090 -0.993074
    outer loop
      vertex 0.000000 0.000000 0.500000
      vertex 0.000000 -0.065263 0.495722
      vertex -0.097545 0.000000 0.490393
    endloop
  endfacet
  facet normal 0.097809 0.065090 -0.993074
    outer loop
      vertex -0.097545 0.000000 0.490393
      vertex 0.000000 -0.065263 0.495722
      vertex -0.096711 -0.065263 0.486197
    endloop
  endfacet
  facet normal 0.289669 0.065090 -0.954911
    outer loop
      vertex -0.097545 0.000000 0.490393
      vertex -0.096711 -0.065263 0.486197
      vertex -0.191342 0.000000 0.461940
    endloop
  endfacet
  facet normal 0.289669 0.065090 -0.954911
    outer loop
      vertex -0.191342 0.000000 0.461940
      vertex -0.096711 -0.065263 0.486197
      vertex -0.189705 -0.065263 0.457988
    endloop
  endfacet
  facet normal 0.470397 0.065090 -0.880051
    outer loop
      vertex -0.191342 0.000000 0.461940
      vertex -0.189705 -0.065263 0.457988
      vertex -0.277785 0.000000 0.415735
    endloop
  endfacet
  facet normal 0.470397 0.065090 -0.880051
    outer loop
      vertex -0.277785 0.000000 0.415735
      vertex -0.189705 -0.065263 0.457988
      vertex -0.275409 -0.065263 0.412178
    endloop
  endfacet
  facet normal 0.633048 0.065090 -0.771371
    outer loop
      vertex -0.277785 0.000000 0.415735
      vertex -0.275409 -0.065263 0.412178
      vertex -0.353553 0.000000 0.353553
    endloop
  endfacet
  facet normal 0.633048 0.065090 -0.771371
    outer loop
      vertex -0.353553 0.000000 0.353553
      vertex -0.275409 -0.065263 0.412178
      vertex -0.350529 -0.065263 0.350529
    endloop
  endfacet
  facet normal 0.771371 0.065090 -0.633048
    outer loop
      vertex -0.353553 0.000000 0.353553
      vertex -0.350529 -0.065263 0.350529
      vertex -0.415735 0.000000 0.277785
    endloop
  endfacet
  facet normal 0.771371 0.065090 -0.633048
    outer loop
      vertex -0.415735 0.000000 0.277785
      vertex -0.350529 -0.065263 0.350529
      vertex -0.412178 -0.065263 0.275409
    endloop
  endfacet
  facet normal 0.880051 0.065090 -0.470397
    outer loop
      vertex -0.415735 0.000000 0.277785
      vertex -0.412178 -0.065263 0.275409
      vertex -0.461940 0.000000 0.191342
    endloop
  endfacet
  facet normal 0.880051 0.065090 -0.470397
    outer loop
      vertex -0.461940 0.000000 0.191342
      vertex -0.412178 -0.065263 0.275409
      vertex -0.457988 -0.065263 0.189705
    endloop
  endfacet
  facet normal 0.954911 0.065090 -0.289669
    outer loop
      vertex -0.461940 0.000000 0.191342
      vertex -0.457988 -0.065263 0.189705
      vertex -0.490393 0.000000 0.097545
    endloop
  endfacet
  facet normal 0.954911 0.065090 -0.289669
    outer loop
      vertex -0.490393 0.000000 0.097545
      vertex -0.457988 -0.065263 0.189705
      vertex -0.486197 -0.065263 0.096711
    endloop
  endfacet
  facet normal 0.993074 0.065090 -0.097809
    outer loop
      vertex -0.490393 0.000000 0.097545
      vertex -0.486197 -0.065263 0.096711
      vertex -0.500000 0.000000 0.000000
    endloop
  endfacet
  facet normal 0.993074 0.065090 -0.097809
    outer loop
      vertex -0.500000 0.000000 0.000000
      vertex -0.486197 -0.065263 0.096711
      vertex -0.495722 -0.065263 0.000000
    endloop
  endfacet
  facet normal 0.993074 0.065090 0.097809
    outer loop
      vertex -0.500000 0.000000 0.000000
      vertex -0.495722 -0.065263 0.000000
      vertex -0.490393 0.000000 -0.097545
    endloop
  endfacet
  facet normal 0.993074 0.065090 0.097809
    outer loop
      vertex -0.490393 0.000000 -0.097545
      vertex -0.495722 -0.065263 0.000000
      vertex -0.486197 -0.065263 -0.096711
    endloop
  endfacet
  facet normal 0.954911 0.065090 0.289669
    outer loop
      vertex -0.490393 0.000000 -0.097545
      vertex -0.486197 -0.065263 -0.096711
      vertex -0.461940 0.000000 -0.191342
    endloop
  endfacet
  facet normal 0.954911 0.065090 0.289669
    outer loop
      vertex -0.461940 0.000000 -0.191342
      vertex -0.486197 -0.065263 -0.096711
      vertex -0.457988 -0.065263 -0.189705
    endloop
  endfacet
  facet normal 0.880051 0.065090 0.470397
    outer loop
      vertex -0.461940 0.000000 -0.191342
      vertex -0.457988 -0.065263 -0.189705
      vertex -0.415735 0.000000 -0.277785
    endloop
  endfacet
  facet normal 0.880051 0.065090 0.470397
    outer loop
      vertex -0.415735 0.000000 -0.277785
      vertex -0.457988 -0.065263 -0.189705
      vertex -0.412178 -0.065263 -0.275409
    endloop
  endfacet
  facet normal 0.771371 0.065090 0.633048
    outer loop
      vertex -0.415735 0.000000 -0.277785
      vertex -0.412178 -0.065263 -0.275409
      vertex -0.353553 0.000000 -0.353553
    endloop
  endfacet
  facet normal 0.771371 0.065090 0.633048
    outer loop
      vertex -0.353553 0.000000 -0.353553
      vertex -0.412178 -0.065263 -0.275409
      vertex -0.350529 -0.065263 -0.350529
    endloop
  endfacet
  facet normal 0.633048 0.065090 0.771371
    outer loop
      vertex -0.353553 0.000000 -0.353553
      vertex -0.350529 -0.065263 -0.350529
      vertex -0.277785 0.000000 -0.415735
    endloop
  endfacet
  facet normal 0.633048 0.065090 0.771371
    outer loop
      vertex -0.277785 0.000000 -0.415735
      vertex -0.350529 -0.065263 -0.350529
      vertex -0.275409 -0.065263 -0.412178
    endloop
  endfacet
  facet normal 0.470397 0.065090 0.880051
    outer loop
      vertex -0.277785 0.000000 -0.415735
      vertex -0.275409 -0.065263 -0.412178
      vertex -0.191342 0.000000 -0.461940
    endloop
  endfacet
  facet normal 0.470397 0.065090 0.880051
    outer loop
      vertex -0.191342 0.000000 -0.461940
      vertex -0.275409 -0.065263 -0.412178
      vertex -0.189705 -0.065263 -0.457988
    endloop
  endfacet
  facet normal 0.289669 0.065090 0.954911
    outer loop
      vertex -0.191342 0.000000 -0.461940
      vertex -0.189705 -0.065263 -0.457988
      vertex -0.097545 0.000000 -0.490393
    endloop
  endfacet
  facet normal 0.289669 0.065090 0.954911
    outer loop
      vertex -0.097545 0.000000 -0.490393
      vertex -0.189705 -0.065263 -0.457988
      vertex -0.096711 -0.065263 -0.486197
    endloop
  endfacet
  facet normal 0.097809 0.065090 0.993074
    outer loop
      vertex -0.097545 0.000000 -0.490393
      vertex -0.096711 -0.065263 -0.486197
      vertex -0.000000 0.000000 -0.500000
    endloop
  endfacet
  facet normal 0.097809 0.065090 0.993074
    outer loop
      vertex -0.000000 0.000000 -0.500000
      vertex -0.096711 -0.065263 -0.486197
      vertex -0.000000 -0.065263 -0.495722
    endloop
  endfacet
  facet normal -0.097809 0.065090 0.993074
    outer loop
      vertex -0.000000 0.000000 -0.500000
      vertex -0.000000 -0.065263 -0.495722
      vertex 0.097545 0.000000 -0.490393
    endloop
  endfacet
  facet normal -0.097809 0.065090 0.993074
    outer loop
      vertex 0.097545 0.000000 -0.490393
      vertex -0.000000 -0.065263 -0.495722
      vertex 0.096711 -0.065263 -0.486197
    endloop
  endfacet
  facet normal -0.289669 0.065090 0.954911
    outer loop
      vertex 0.097545 0.000000 -0.490393
      vertex 0.096711 -0.065263 -0.486197
      vertex 0.191342 0.000000 -0.461940
    endloop
  endfacet
  facet normal -0.289669 0.065090 0.954911
    outer loop
      vertex 0.191342 0.000000 -0.461940
      vertex 0.096711 -0.065263 -0.486197
      vertex 0.189705 -0.065263 -0.457988
    endloop
  endfacet
  facet normal -0.470397 0.065090 0.880051
    outer loop
      vertex 0.191342 0.000000 -0.461940
      vertex 0.189705 -0.065263 -0.457988
      vertex 0.277785 0.000000 -0.415735
    endloop
  endfacet
  facet normal -0.470397 0.065090 0.880051
    outer loop
      vertex 0.277785 0.000000 -0.415735
      vertex 0.189705 -0.065263 -0.457988
      vertex 0.275409 -0.065263 -0.412178
    endloop
  endfacet
  facet normal -0.633048 0.065090 0.771371
    outer loop
      vertex 0.277785 0.000000 -0.415735
      vertex 0.275409 -0.065263 -0.412178
      vertex 0.353553 0.000000 -0.353553
    endloop
  endfacet
  facet normal -0.633048 0.065090 0.771371
    outer loop
      vertex 0.353553 0.000000 -0.353553
      vertex 0.275409 -0.065263 -0.412178
      vertex 0.350529 -0.065263 -0.350529
    endloop
  endfacet
  facet normal -0.771371 0.065090 0.633048
    outer loop
      vertex 0.353553 0.000000 -0.353553
      vertex 0.350529 -0.065263 -0.350529
      vertex 0.415735 0.000000 -0.277785
    endloop
  endfacet
  facet normal -0.771371 0.065090 0.633048
    outer loop
      vertex 0.415735 0.000000 -0.277785
      vertex 0.350529 -0.065263 -0.350529
      vertex 0.412178 -0.065263 -0.275409
    endloop
  endfacet
  facet normal -0.880051 0.065090 0.470397
    outer loop
      vertex 0.415735 0.000000 -0.277785
      vertex 0.412178 -0.065263 -0.275409
      vertex 0.461940 0.000000 -0.191342
    endloop
  endfacet
  facet normal -0.880051 0.065090 0.470397
    outer loop
      vertex 0.461940 0.000000 -0.191342
      vertex 0.412178 -0.065263 -0.275409
      vertex 0.457988 -0.065263 -0.189705
    endloop
  endfacet
  facet normal -0.954911 0.065090 0.289669
    outer loop
      vertex 0.461940 0.000000 -0.191342
      vertex 0.457988 -0.065263 -0.189705
      vertex 0.490393 0.000000 -0.097545
    endloop
  endfacet
  facet normal -0.954911 0.065090 0.289669
    outer loop
      vertex 0.490393 0.000000 -0.097545
      vertex 0.457988 -0.065263 -0.189705
      vertex 0.486197 -0.065263 -0.096711
    endloop
  endfacet
  facet normal -0.993074 0.065090 0.097809
    outer loop
      vertex 0.490393 0.000000 -0.097545
      vertex 0.486197 -0.065263 -0.096711
      vertex 0.500000 0.000000 -0.000000
    endloop
  endfacet
  facet normal -0.993074 0.065090 0.097809
    outer loop
      vertex 0.500000 0.000000 -0.000000
      vertex 0.486197 -0.065263 -0.096711
      vertex 0.495722 -0.065263 -0.000000
    endloop
  endfacet
  facet normal -0.976241 0.194186 -0.096151
    outer loop
      vertex 0.495722 -0.065263 0.000000
      vertex 0.482963 -0.129410 0.000000
      vertex 0.486197 -0.065263 0.096711
    endloop
  endfacet
  facet normal -0.976241 0.194186 -0.096151
    outer loop
      vertex 0.486197 -0.065263 0.096711
      vertex 0.482963 -0.129410 0.000000
      vertex 0.473683 -0.129410 0.094221
    endloop
  endfacet
  facet normal -0.938725 0.194186 -0.284759
    outer loop
      vertex 0.486197 -0.065263 0.096711
      vertex 0.473683 -0.129410 0.094221
      vertex 0.457988 -0.065263 0.189705
    endloop
  endfacet
  facet normal -0.938725 0.194186 -0.284759
    outer loop
      vertex 0.457988 -0.065263 0.189705
      vertex 0.473683 -0.129410 0.094221
      vertex 0.446200 -0.129410 0.184822
    endloop
  endfacet
  facet normal -0.865134 0.194186 -0.462424
    outer loop
      vertex 0.457988 -0.065263 0.189705
      vertex 0.446200 -0.129410 0.184822
      vertex 0.412178 -0.065263 0.275409
    endloop
  endfacet
  facet normal -0.865134 0.194186 -0.462424
    outer loop
      vertex 0.412178 -0.065263 0.275409
      vertex 0.446200 -0.129410 0.184822
      vertex 0.401569 -0.129410 0.268320
    endloop
  endfacet
  facet normal -0.758296 0.194186 -0.622317
    outer loop
      vertex 0.412178 -0.065263 0.275409
      vertex 0.401569 -0.129410 0.268320
      vertex 0.350529 -0.065263 0.350529
    endloop
  endfacet
  facet normal -0.758296 0.194186 -0.622317
    outer loop
      vertex 0.350529 -0.065263 0.350529
      vertex 0.401569 -0.129410 0.268320
      vertex 0.341506 -0.129410 0.341506
    endloop
  endfacet
  facet normal -0.622317 0.194186 -0.758296
    outer loop
      vertex 0.350529 -0.065263 0.350529
      vertex 0.341506 -0.129410 0.341506
      vertex 0.275409 -0.065263 0.412178
    endloop
  endfacet
  facet normal -0.622317 0.194186 -0.758296
    outer loop
      vertex 0.275409 -0.065263 0.412178
      vertex 0.341506 -0.129410 0.341506
      vertex 0.268320 -0.129410 0.401569
    endloop
  endfacet
  facet normal -0.462424 0.194186 -0.865134
    outer loop
      vertex 0.275409 -0.065263 0.412178
      vertex 0.268320 -0.129410 0.401569
      vertex 0.189705 -0.065263 0.457988
    endloop
  endfacet
  facet normal -0.462424 0.194186 -0.865134
    outer loop
      vertex 0.189705 -0.065263 0.457988
      vertex 0.268320 -0.129410 0.401569
      vertex 0.184822 -0.129410 0.446200
    endloop
  endfacet
  facet normal -0.284759 0.194186 -0.938725
    outer loop
      vertex 0.189705 -0.065263 0.457988
      vertex 0.184822 -0.129410 0.446200
      vertex 0.096711 -0.065263 0.486197
    endloop
  endfacet
  facet normal -0.284759 0.194186 -0.938725
    outer loop
      vertex 0.096711 -0.065263 0.486197
      vertex 0.184822 -0.129410 0.446200
      vertex 0.094221 -0.129410 0.473683
    endloop
  endfacet
  facet normal -0.096151 0.194186 -0.976241
    outer loop
      vertex 0.096711 -0.065263 0.486197
      vertex 0.094221 -0.129410 0.473683
      vertex 0.000000 -0.065263 0.495722
    endloop
  endfacet
  facet normal -0.096151 0.194186 -0.976241
    outer loop
      vertex 0.000000 -0.065263 0.495722
      vertex 0.094221 -0.129410 0.473683
      vertex 0.000000 -0.129410 0.482963
    endloop
  endfacet
  facet normal 0.096151 0.194186 -0.976241
    outer loop
      vertex 0.000000 -0.065263 0.495722
      vertex 0.000000 -0.129410 0.482963
      vertex -0.096711 -0.065263 0.486197
    endloop
  endfacet
  facet normal 0.096151 0.194186 -0.976241
    outer loop
      vertex -0.096711 -0.065263 0.486197
      vertex 0.000000 -0.129410 0.482963
      vertex -0.094221 -0.129410 0.473683
    endloop
  endfacet
  facet normal 0.284759 0.194186 -0.938725
    outer loop
      vertex -0.096711 -0.065263 0.486197
      vertex -0.094221 -0.129410 0.473683
      vertex -0.189705 -0.065263 0.457988
    endloop
  endfacet
  facet normal 0.284759 0.194186 -0.938725
    outer loop
      vertex -0.189705 -0.065263 0.457988
      vertex -0.094221 -0.129410 0.473683
      vertex -0.184822 -0.129410 0.446200
    endloop
  endfacet
  facet normal 0.462424 0.194186 -0.865134
    outer loop
      vertex -0.189705 -0.065263 0.457988
      vertex -0.184822 -0.129410 0.446200
      vertex -0.275409 -0.065263 0.412178
    endloop
  endfacet
  facet normal 0.462424 0.194186 -0.865134
    outer loop
      vertex -0.275409 -0.065263 0.412178
      vertex -0.184822 -0.129410 0.446200
      vertex -0.268320 -0.129410 0.401569
    endloop
  endfacet
  facet normal 0.622317 0.194186 -0.758296
    outer loop
      vertex -0.275409 -0.065263 0.412178
      vertex -0.268320 -0.129410 0.401569
      vertex -0.350529 -0.065263 0.350529
    endloop
  endfacet
  facet normal 0.622317 0.194186 -0.758296
    outer loop
      vertex -0.350529 -0.065263 0.350529
      vertex -0.268320 -0.129410 0.401569
      vertex -0.341506 -0.129410 0.341506
    endloop
  endfacet
  facet normal 0.758296 0.194186 -0.622317
    outer loop
      vertex -0.350529 -0.065263 0.350529
      vertex -0.341506 -0.129410 0.341506
      vertex -0.412178 -0.065263 0.275409
    endloop
  endfacet
  facet normal 0.758296 0.194186 -0.622317
    outer loop
      vertex -0.412178 -0.065263 0.275409
      vertex -0.341506 -0.129410 0.341506
      vertex -0.401569 -0.129410 0.268320
    endloop
  endfacet
  facet normal 0.865134 0.194186 -0.462424
    outer loop
      vertex -0.412178 -0.065263 0.275409
      vertex -0.401569 -0.129410 0.268320
      vertex -0.457988 -0.065263 0.189705
    endloop
  endfacet
  facet normal 0.865134 0.194186 -0.462424
    outer loop
      vertex -0.457988 -0.065263 0.189705
      vertex -0.401569 -0.129410 0.268320
      vertex -0.446200 -0.129410 0.184822
    endloop
  endfacet
  facet normal 0.938725 0.194186 -0.284759
    outer loop
      vertex -0.457988 -0.065263 0.189705
      vertex -0.446200 -0.129410 0.184822
      vertex -0.486197 -0.065263 0.096711
    endloop
  endfacet
  facet normal 0.938725 0.194186 -0.284759
    outer loop
      vertex -0.486197 -0.065263 0.096711
      vertex -0.446200 -0.129410 0.184822
      vertex -0.473683 -0.129410 0.094221
    endloop
  endfacet
  facet normal 0.976241 0.194186 -0.096151
    outer loop
      vertex -0.486197 -0.065263 0.096711
      vertex -0.473683 -0.129410 0.094221
      vertex -0.495722 -0.065263 0.000000
    endloop
  endfacet
  facet normal 0.976241 0.194186 -0.096151
    outer loop
      vertex -0.495722 -0.065263 0.000000
      vertex -0.473683 -0.129410 0.094221
      vertex -0.482963 -0.129410 0.000000
    endloop
  endfacet
  facet normal 0.976241 0.194186 0.096151
    outer loop
      vertex -0.495722 -0.065263 0.000000
      vertex -0.482963 -0.129410 0.000000
      vertex -0.486197 -0.065263 -0.096711
    endloop
  endfacet
  facet normal 0.976241 0.194186 0.096151
    outer loop
      vertex -0.486197 -0.065263 -0.096711
      vertex -0.482963 -0.129410 0.000000
      vertex -0.473683 -0.129410 -0.094221
    endloop
  endfacet
  facet normal 0.938725 0.194186 0.284759
    outer loop
      vertex -0.486197 -0.065263 -0.096711
      vertex -0.473683 -0.129410 -0.094221
      vertex -0.457988 -0.065263 -0.189705
    endloop
  endfacet
  facet normal 0.938725 0.194186 0.284759
    outer loop
      vertex -0.457988 -0.065263 -0.189705
      vertex -0.473683 -0.129410 -0.094221
      vertex -0.446200 -0.129410 -0.184822
    endloop
  endfacet
  facet normal 0.865134 0.194186 0.462424
    outer loop
      vertex -0.457988 -0.065263 -0.189705
      vertex -0.446200 -0.129410 -0.184822
      vertex -0.412178 -0.065263 -0.275409
    endloop
  endfacet
  facet normal 0.865134 0.194186 0.462424
    outer loop
      vertex -0.412178 -0.065263 -0.275409
      vertex -0.446200 -0.129410 -0.184822
      vertex -0.401569 -0.129410 -0.268320
    endloop
  endfacet
  facet normal 0.758296 0.194186 0.622317
    outer loop
      vertex -0.412178 -0.065263 -0.275409
      vertex -0.401569 -0.129410 -0.268320
      vertex -0.350529 -0.065263 -0.350529
    endloop
  endfacet
  facet normal 0.758296 0.194186 0.622317
    outer loop
      vertex -0.350529 -0.065263 -0.350529
      vertex -0.401569 -0.129410 -0.268320
      vertex -0.341506 -0.129410 -0.341506
    endloop
  endfacet
  facet normal 0.622317 0.194186 0.758296
    outer loop
      vertex -0.350529 -0.065263 -0.350529
      vertex -0.341506 -0.129410 -0.341506
      vertex -0.275409 -0.065263 -0.412178
    endloop
  endfacet
  facet normal 0.622317 0.194186 0.758296
    outer loop
      vertex -0.275409 -0.065263 -0.412178
      vertex -0.341506 -0.129410 -0.341506
      vertex -0.268320 -0.129410 -0.401569
    endloop
  endfacet
  facet normal 0.462424 0.194186 0.865134
    outer loop
      vertex -0.275409 -0.065263 -0.412178
      vertex -0.268320 -0.129410 -0.401569
      vertex -0.189705 -0.065263 -0.457988
    endloop
  endfacet
  facet normal 0.462424 0.194186 0.865134
    outer loop
      vertex -0.189705 -0.065263 -0.457988
      vertex -0.268320 -0.129410 -0.401569
      vertex -0.184822 -0.129410 -0.446200
    endloop
  endfacet
  facet normal 0.284759 0.194186 0.938725
    outer loop
      vertex -0.189705 -0.065263 -0.457988
      vertex -0.184822 -0.129410 -0.446200
      vertex -0.096711 -0.065263 -0.486197
    endloop
  endfacet
  facet normal 0.284759 0.194186 0.938725
    outer loop
      vertex -0.096711 -0.065263 -0.486197
      vertex -0.184822 -0.129410 -0.446200
      vertex -0.094221 -0.129410 -0.473683
    endloop
  endfacet
  facet normal 0.096151 0.194186 0.976241
    outer loop
      vertex -0.096711 -0.065263 -0.486197
      vertex -0.094221 -0.129410 -0.473683
      vertex -0.000000 -0.065263 -0.495722
    endloop
  endfacet
  facet normal 0.096151 0.194186 0.976241
    outer loop
      vertex -0.000000 -0.065263 -0.495722
      vertex -0.094221 -0.129410 -0.473683
      vertex -0.000000 -0.129410 -0.482963
    endloop
  endfacet
  facet normal -0.096151 0.194186 0.976241
    outer loop
      vertex -0.000000 -0.065263 -0.495722
      vertex -0.000000 -0.129410 -0.482963
      vertex 0.096711 -0.065263 -0.486197
    endloop
  endfacet
  facet normal -0.096151 0.194186 0.976241
    outer loop
      vertex 0.096711 -0.065263 -0.486197
      vertex -0.000000 -0.129410 -0.482963
      vertex 0.094221 -0.129410 -0.473683
    endloop
  endfacet
  facet normal -0.284759 0.194186 0.938725
    outer loop
      vertex 0.096711 -0.065263 -0.486197
      vertex 0.094221 -0.129410 -0.473683
      vertex 0.189705 -0.065263 -0.457988
    endloop
  endfacet
  facet normal -0.284759 0.194186 0.938725
    outer loop
      vertex 0.189705 -0.065263 -0.457988
      vertex 0.094221 -0.129410 -0.473683
      vertex 0.184822 -0.129410 -0.446200
    endloop
  endfacet
  facet normal -0.462424 0.194186 0.865134
    outer loop
      vertex 0.189705 -0.065263 -0.457988
      vertex 0.184822 -0.129410 -0.446200
      vertex 0.275409 -0.065263 -0.412178
    endloop
  endfacet
  facet normal -0.462424 0.194186 0.865134
    outer loop
      vertex 0.275409 -0.065263 -0.412178
      vertex 0.184822 -0.129410 -0.446200
      vertex 0.268320 -0.129410 -0.401569
    endloop
  endfacet
  facet normal -0.622317 0.194186 0.758296
    outer loop
      vertex 0.275409 -0.065263 -0.412178
      vertex 0.268320 -0.129410 -0.401569
      vertex 0.350529 -0.065263 -0.350529
    endloop
  endfacet
  facet normal -0.622317 0.194186 0.758296
    outer loop
      vertex 0.350529 -0.065263 -0.350529
      vertex 0.268320 -0.129410 -0.401569
      vertex 0.341506 -0.129410 -0.341506
    endloop
  endfacet
  facet normal -0.758296 0.194186 0.622317
    outer loop
      vertex 0.350529 -0.065263 -0.350529
      vertex 0.341506 -0.129410 -0.341506
      vertex 0.412178 -0.065263 -0.275409
    endloop
  endfacet
  facet normal -0.758296 0.194186 0.622317
    outer loop
      vertex 0.412178 -0.065263 -0.275409
      vertex 0.341506 -0.129410 -0.341506
      vertex 0.401569 -0.129410 -0.268320
    endloop
  endfacet
  facet normal -0.865134 0.194186 0.462424
    outer loop
      vertex 0.412178 -0.065263 -0.275409
      vertex 0.401569 -0.129410 -0.268320
      vertex 0.457988 -0.065263 -0.189705
    endloop
  endfacet
  facet normal -0.865134 0.194186 0.462424
    outer loop
      vertex 0.457988 -0.065263 -0.189705
      vertex 0.401569 -0.129410 -0.268320
      vertex 0.446200 -0.129410 -0.184822
    endloop
  endfacet
  facet normal -0.938725 0.194186 0.284759
    outer loop
      vertex 0.457988 -0.065263 -0.189705
      vertex 0.446200 -0.129410 -0.184822
      vertex 0.486197 -0.065263 -0.096711
    endloop
  endfacet
  facet normal -0.938725 0.194186 0.284759
    outer loop
      vertex 0.486197 -0.065263 -0.096711
      vertex 0.446200 -0.129410 -0.184822
      vertex 0.473683 -0.129410 -0.094221
    endloop
  endfacet
  facet normal -0.976241 0.194186 0.096151
    outer loop
      vertex 0.486197 -0.065263 -0.096711
      vertex 0.473683 -0.129410 -0.094221
      vertex 0.495722 -0.065263 -0.000000
    endloop
  endfacet
  facet normal -0.976241 0.194186 0.096151
    outer loop
      vertex 0.495722 -0.065263 -0.000000
      vertex 0.473683 -0.129410 -0.094221
      vertex 0.482963 -0.129410 -0.000000
    endloop
  endfacet
  facet normal -0.942838 0.320051 -0.092861
    outer loop
      vertex 0.482963 -0.129410 0.000000
      vertex 0.461940 -0.191342 0.000000
      vertex 0.473683 -0.129410 0.094221
    endloop
  endfacet
  facet normal -0.942838 0.320051 -0.092861
    outer loop
      vertex 0.473683 -0.129410 0.094221
      vertex 0.461940 -0.191342 0.000000
      vertex 0.453064 -0.191342 0.090120
    endloop
  endfacet
  facet normal -0.906606 0.320051 -0.275016
    outer loop
      vertex 0.473683 -0.129410 0.094221
      vertex 0.453064 -0.191342 0.090120
      vertex 0.446200 -0.129410 0.184822
    endloop
  endfacet
  facet normal -0.906606 0.320051 -0.275016
    outer loop
      vertex 0.446200 -0.129410 0.184822
      vertex 0.453064 -0.191342 0.090120
      vertex 0.426777 -0.191342 0.176777
    endloop
  endfacet
  facet normal -0.835533 0.320051 -0.446601
    outer loop
      vertex 0.446200 -0.129410 0.184822
      vertex 0.426777 -0.191342 0.176777
      vertex 0.401569 -0.129410 0.268320
    endloop
  endfacet
  facet normal -0.835533 0.320051 -0.446601
    outer loop
      vertex 0.401569 -0.129410 0.268320
      vertex 0.426777 -0.191342 0.176777
      vertex 0.384089 -0.191342 0.256640
    endloop
  endfacet
  facet normal -0.732350 0.320051 -0.601024
    outer loop
      vertex 0.401569 -0.129410 0.268320
      vertex 0.384089 -0.191342 0.256640
      vertex 0.341506 -0.129410 0.341506
    endloop
  endfacet
  facet normal -0.732350 0.320051 -0.601024
    outer loop
      vertex 0.341506 -0.129410 0.341506
      vertex 0.384089 -0.191342 0.256640
      vertex 0.326641 -0.191342 0.326641
    endloop
  endfacet
  facet normal -0.601024 0.320051 -0.732350
    outer loop
      vertex 0.341506 -0.129410 0.341506
      vertex 0.326641 -0.191342 0.326641
      vertex 0.268320 -0.129410 0.401569
    endloop
  endfacet
  facet normal -0.601024 0.320051 -0.732350
    outer loop
      vertex 0.268320 -0.129410 0.401569
      vertex 0.326641 -0.191342 0.326641
      vertex 0.256640 -0.191342 0.384089
    endloop
  endfacet
  facet normal -0.446601 0.320051 -0.835533
    outer loop
      vertex 0.268320 -0.129410 0.401569
      vertex 0.256640 -0.191342 0.384089
      vertex 0.184822 -0.129410 0.446200
    endloop
  endfacet
  facet normal -0.446601 0.320051 -0.835533
    outer loop
      vertex 0.184822 -0.129410 0.446200
      vertex 0.256640 -0.191342 0.384089
      vertex 0.176777 -0.191342 0.426777
    endloop
  endfacet
  facet normal -0.275016 0.320051 -0.906606
    outer loop
      vertex 0.184822 -0.129410 0.446200
      vertex 0.176777 -0.191342 0.426777
      vertex 0.094221 -0.129410 0.473683
    endloop
  endfacet
  facet normal -0.275016 0.320051 -0.906606
    outer loop
      vertex 0.094221 -0.129410 0.473683
      vertex 0.176777 -0.191342 0.426777
      vertex 0.090120 -0.191342 0.453064
    endloop
  endfacet
  facet normal -0.092861 0.320051 -0.942838
    outer loop
      vertex 0.094221 -0.129410 0.473683
      vertex 0.090120 -0.191342 0.453064
      vertex 0.000000 -0.129410 0.482963
    endloop
  endfacet
  facet normal -0.092861 0.320051 -0.942838
    outer loop
      vertex 0.000000 -0.129410 0.482963
      vertex 0.090120 -0.191342 0.453064
      vertex 0.000000 -0.191342 0.461940
    endloop
  endfacet
  facet normal 0.092861 0.320051 -0.942838
    outer loop
      vertex 0.000000 -0.129410 0.482963
      vertex 0.000000 -0.191342 0.461940
      vertex -0.094221 -0.129410 0.473683
    endloop
  endfacet
  facet normal 0.092861 0.320051 -0.942838
    outer loop
      vertex -0.094221 -0.129410 0.473683
      vertex 0.000000 -0.191342 0.461940
      vertex -0.090120 -0.191342 0.453064
    endloop
  endfacet
  facet normal 0.275016 0.320051 -0.906606
    outer loop
      vertex -0.094221 -0.129410 0.473683
      vertex -0.090120 -0.191342 0.453064
      vertex -0.184822 -0.129410 0.446200
    endloop
  endfacet
  facet normal 0.275016 0.320051 -0.906606
    outer loop
      vertex -0.184822 -0.129410 0.446200
      vertex -0.090120 -0.191342 0.453064
      vertex -0.176777 -0.191342 0.426777
    endloop
  endfacet
  facet normal 0.446601 0.320051 -0.835533
    outer loop
      vertex -0.184822 -0.129410 0.446200
      vertex -0.176777 -0.191342 0.426777
      vertex -0.268320 -0.129410 0.401569
    endloop
  endfacet
  facet normal 0.446601 0.320051 -0.835533
    outer loop
      vertex -0.268320 -0.129410 0.401569
      vertex -0.176777 -0.191342 0.426777
      vertex -0.256640 -0.191342 0.384089
    endloop
  endfacet
  facet normal 0.601024 0.320051 -0.732350
    outer loop
      vertex -0.268320 -0.129410 0.401569
      vertex -0.256640 -0.191342 0.384089
      vertex -0.341506 -0.129410 0.341506
    endloop
  endfacet
  facet normal 0.601024 0.320051 -0.732350
    outer loop
      vertex -0.341506 -0.129410 0.341506
      vertex -0.256640 -0.191342 0.384089
      vertex -0.326641 -0.191342 0.326641
    endloop
  endfacet
  facet normal 0.732350 0.320051 -0.601024
    outer loop
      vertex -0.341506 -0.129410 0.341506
      vertex -0.326641 -0.191342 0.326641
      vertex -0.401569 -0.129410 0.268320
    endloop
  endfacet
  facet normal 0.732350 0.320051 -0.601024
    outer loop
      vertex -0.401569 -0.129410 0.268320
      vertex -0.326641 -0.191342 0.326641
      vertex -0.384089 -0.191342 0.256640
    endloop
  endfacet
  facet normal 0.835533 0.320051 -0.446601
    outer loop
      vertex -0.401569 -0.129410 0.268320
      vertex -0.384089 -0.191342 0.256640
      vertex -0.446200 -0.129410 0.184822
    endloop
  endfacet
  facet normal 0.835533 0.320051 -0.446601
    outer loop
      vertex -0.446200 -0.129410 0.184822
      vertex -0.384089 -0.191342 0.256640
      vertex -0.426777 -0.191342 0.176777
    endloop
  endfacet
  facet normal 0.906606 0.320051 -0.275016
    outer loop
      vertex -0.446200 -0.129410 0.184822
      vertex -0.426777 -0.191342 0.176777
      vertex -0.473683 -0.129410 0.094221
    endloop
  endfacet
  facet normal 0.906606 0.320051 -0.275016
    outer loop
      vertex -0.473683 -0.129410 0.094221
      vertex -0.426777 -0.191342 0.176777
      vertex -0.453064 -0.191342 0.090120
    endloop
  endfacet
  facet normal 0.942838 0.320051 -0.092861
    outer loop
      vertex -0.473683 -0.129410 0.094221
      vertex -0.453064 -0.191342 0.090120
      vertex -0.482963 -0.129410 0.000000
    endloop
  endfacet
  facet normal 0.942838 0.320051 -0.092861
    outer loop
      vertex -0.482963 -0.129410 0.000000
      vertex -0.453064 -0.191342 0.090120
      vertex -0.461940 -0.191342 0.000000
    endloop
  endfacet
  facet normal 0.942838 0.320051 0.092861
    outer loop
      vertex -0.482963 -0.129410 0.000000
      vertex -0.461940 -0.191342 0.000000
      vertex -0.473683 -0.129410 -0.094221
    endloop
  endfacet
  facet normal 0.942838 0.320051 0.092861
    outer loop
      vertex -0.473683 -0.129410 -0.094221
      vertex -0.461940 -0.191342 0.000000
      vertex -0.453064 -0.191342 -0.090120
    endloop
  endfacet
  facet normal 0.906606 0.320051 0.275016
    outer loop
      vertex -0.473683 -0.129410 -0.094221
      vertex -0.453064 -0.191342 -0.090120
      vertex -0.446200 -0.129410 -0.184822
    endloop
  endfacet
  facet normal 0.906606 0.320051 0.275016
    outer loop
      vertex -0.446200 -0.129410 -0.184822
      vertex -0.453064 -0.191342 -0.090120
      vertex -0.426777 -0.191342 -0.176777
    endloop
  endfacet
  facet normal 0.835533 0.320051 0.446601
    outer loop
      vertex -0.446200 -0.129410 -0.184822
      vertex -0.426777 -0.191342 -0.176777
      vertex -0.401569 -0.129410 -0.268320
    endloop
  endfacet
  facet normal 0.835533 0.320051 0.446601
    outer loop
      vertex -0.401569 -0.129410 -0.268320
      vertex -0.426777 -0.191342 -0.176777
      vertex -0.384089 -0.191342 -0.256640
    endloop
  endfacet
  facet normal 0.732350 0.320051 0.601024
    outer loop
      vertex -0.401569 -0.129410 -0.268320
      vertex -0.384089 -0.191342 -0.256640
      vertex -0.341506 -0.129410 -0.341506
    endloop
  endfacet
  facet normal 0.732350 0.320051 0.601024
    outer loop
      vertex -0.341506 -0.129410 -0.341506
      vertex -0.384089 -0.191342 -0.256640
      vertex -0.326641 -0.191342 -0.326641
    endloop
  endfacet
  facet normal 0.601024 0.320051 0.732350
    outer loop
      vertex -0.341506 -0.129410 -0.341506
      vertex -0.326641 -0.191342 -0.326641
      vertex -0.268320 -0.129410 -0.401569
    endloop
  endfacet
  facet normal 0.601024 0.320051 0.732350
    outer loop
      vertex -0.268320 -0.129410 -0.401569
      vertex -0.326641 -0.191342 -0.326641
      vertex -0.256640 -0.191342 -0.384089
    endloop
  endfacet
  facet normal 0.446601 0.320051 0.835533
    outer loop
      vertex -0.268320 -0.129410 -0.401569
      vertex -0.256640 -0.191342 -0.384089
      vertex -0.184822 -0.129410 -0.446200
    endloop
  endfacet
  facet normal 0.446601 0.320051 0.835533
    outer loop
      vertex -0.184822 -0.129410 -0.446200
      vertex -0.256640 -0.191342 -0.384089
      vertex -0.176777 -0.191342 -0.426777
    endloop
  endfacet
  facet normal 0.275016 0.320051 0.906606
    outer loop
      vertex -0.184822 -0.129410 -0.446200
      vertex -0.176777 -0.191342 -0.426777
      vertex -0.094221 -0.129410 -0.473683
    endloop
  endfacet
  facet normal 0.275016 0.320051 0.906606
    outer loop
      vertex -0.094221 -0.129410 -0.473683
      vertex -0.176777 -0.191342 -0.426777
      vertex -0.090120 -0.191342 -0.453064
    endloop
  endfacet
  facet normal 0.092861 0.320051 0.942838
    outer loop
      vertex -0.094221 -0.129410 -0.473683
      vertex -0.090120 -0.191342 -0.453064
      vertex -0.000000 -0.129410 -0.482963
    endloop
  endfacet
  facet normal 0.092861 0.320051 0.942838
    outer loop
      vertex -0.000000 -0.129410 -0.482963
      vertex -0.090120 -0.191342 -0.453064
      vertex -0.000000 -0.191342 -0.461940
    endloop
  endfacet
  facet normal -0.092861 0.320051 0.942838
    outer loop
      vertex -0.000000 -0.129410 -0.482963
      vertex -0.000000 -0.191342 -0.461940
      vertex 0.094221 -0.129410 -0.473683
    endloop
  endfacet
  facet normal -0.092861 0.320051 0.942838
    outer loop
      vertex 0.094221 -0.129410 -0.473683
      vertex -0.000000 -0.191342 -0.461940
      vertex 0.090120 -0.191342 -0.453064
    endloop
  endfacet
  facet normal -0.275016 0.320051 0.906606
    outer loop
      vertex 0.094221 -0.129410 -0.473683
      vertex 0.090120 -0.191342 -0.453064
      vertex 0.184822 -0.129410 -0.446200
    endloop
  endfacet
  facet normal -0.275016 0.320051 0.906606
    outer loop
      vertex 0.184822 -0.129410 -0.446200
      vertex 0.090120 -0.191342 -0.453064
      vertex 0.176777 -0.191342 -0.426777
    endloop
  endfacet
  facet normal -0.446601 0.320051 0.835533
    outer loop
      vertex 0.184822 -0.129410 -0.446200
      vertex 0.176777 -0.191342 -0.426777
      vertex 0.268320 -0.129410 -0.401569
    endloop
  endfacet
  facet normal -0.446601 0.320051 0.835533
    outer loop
      vertex 0.268320 -0.129410 -0.401569
      vertex 0.176777 -0.191342 -0.426777
      vertex 0.256640 -0.191342 -0.384089
    endloop
  endfacet
  facet normal -0.601024 0.320051 0.732350
    outer loop
      vertex 0.268320 -0.129410 -0.401569
      vertex 0.256640 -0.191342 -0.384089
      vertex 0.341506 -0.129410 -0.341506
    endloop
  endfacet
  facet normal -0.601024 0.320051 0.732350
    outer loop
      vertex 0.341506 -0.129410 -0.341506
      vertex 0.256640 -0.191342 -0.384089
      vertex 0.326641 -0.191342 -0.326641
    endloop
  endfacet
  facet normal -0.732350 0.320051 0.601024
    outer loop
      vertex 0.341506 -0.129410 -0.341506
      vertex 0.326641 -0.191342 -0.326641
      vertex 0.401569 -0.129410 -0.268320
    endloop
  endfacet
  facet normal -0.732350 0.320051 0.601024
    outer loop
      vertex 0.401569 -0.129410 -0.268320
      vertex 0.326641 -0.191342 -0.326641
      vertex 0.384089 -0.191342 -0.256640
    endloop
  endfacet
  facet normal -0.835533 0.320051 0.446601
    outer loop
      vertex 0.401569 -0.129410 -0.268320
      vertex 0.384089 -0.191342 -0.256640
      vertex 0.446200 -0.129410 -0.184822
    endloop
  endfacet
  facet normal -0.835533 0.320051 0.446601
    outer loop
      vertex 0.446200 -0.129410 -0.184822
      vertex 0.384089 -0.191342 -0.256640
      vertex 0.426777 -0.191342 -0.176777
    endloop
  endfacet
  facet normal -0.906606 0.320051 0.275016
    outer loop
      vertex 0.446200 -0.129410 -0.184822
      vertex 0.426777 -0.191342 -0.176777
      vertex 0.473683 -0.129410 -0.094221
    endloop
  endfacet
  facet normal -0.906606 0.320051 0.275016
    outer loop
      vertex 0.473683 -0.129410 -0.094221
      vertex 0.426777 -0.191342 -0.176777
      vertex 0.453064 -0.191342 -0.090120
    endloop
  endfacet
  facet normal -0.942838 0.320051 0.092861
    outer loop
      vertex 0.473683 -0.129410 -0.094221
      vertex 0.453064 -0.191342 -0.090120
      vertex 0.482963 -0.129410 -0.000000
    endloop
  endfacet
  facet normal -0.942838 0.320051 0.092861
    outer loop
      vertex 0.482963 -0.129410 -0.000000
      vertex 0.453064 -0.191342 -0.090120
      vertex 0.461940 -0.191342 -0.000000
    endloop
  endfacet
  facet normal -0.893394 0.440573 -0.087992
    outer loop
      vertex 0.461940 -0.191342 0.000000
      vertex 0.433013 -0.250000 0.000000
      vertex 0.453064 -0.191342 0.090120
    endloop
  endfacet
  facet normal -0.893394 0.440573 -0.087992
    outer loop
      vertex 0.453064 -0.191342 0.090120
      vertex 0.433013 -0.250000 0.000000
      vertex 0.424692 -0.250000 0.084477
    endloop
  endfacet
  facet normal -0.859061 0.440573 -0.260593
    outer loop
      vertex 0.453064 -0.191342 0.090120
      vertex 0.424692 -0.250000 0.084477
      vertex 0.426777 -0.191342 0.176777
    endloop
  endfacet
  facet normal -0.859061 0.440573 -0.260593
    outer loop
      vertex 0.426777 -0.191342 0.176777
      vertex 0.424692 -0.250000 0.084477
      vertex 0.400052 -0.250000 0.165707
    endloop
  endfacet
  facet normal -0.791715 0.440573 -0.423181
    outer loop
      vertex 0.426777 -0.191342 0.176777
      vertex 0.400052 -0.250000 0.165707
      vertex 0.384089 -0.191342 0.256640
    endloop
  endfacet
  facet normal -0.791715 0.440573 -0.423181
    outer loop
      vertex 0.384089 -0.191342 0.256640
      vertex 0.400052 -0.250000 0.165707
      vertex 0.360037 -0.250000 0.240569
    endloop
  endfacet
  facet normal -0.693944 0.440573 -0.569505
    outer loop
      vertex 0.384089 -0.191342 0.256640
      vertex 0.360037 -0.250000 0.240569
      vertex 0.326641 -0.191342 0.326641
    endloop
  endfacet
  facet normal -0.693944 0.440573 -0.569505
    outer loop
      vertex 0.326641 -0.191342 0.326641
      vertex 0.360037 -0.250000 0.240569
      vertex 0.306186 -0.250000 0.306186
    endloop
  endfacet
  facet normal -0.569505 0.440573 -0.693944
    outer loop
      vertex 0.326641 -0.191342 0.326641
      vertex 0.306186 -0.250000 0.306186
      vertex 0.256640 -0.191342 0.384089
    endloop
  endfacet
  facet normal -0.569505 0.440573 -0.693944
    outer loop
      vertex 0.256640 -0.191342 0.384089
      vertex 0.306186 -0.250000 0.306186
      vertex 0.240569 -0.250000 0.360037
    endloop
  endfacet
  facet normal -0.423181 0.440573 -0.791715
    outer loop
      vertex 0.256640 -0.191342 0.384089
      vertex 0.240569 -0.250000 0.360037
      vertex 0.176777 -0.191342 0.426777
    endloop
  endfacet
  facet normal -0.423181 0.440573 -0.791715
    outer loop
      vertex 0.176777 -0.191342 0.426777
      vertex 0.240569 -0.250000 0.360037
      vertex 0.165707 -0.250000 0.400052
    endloop
  endfacet
  facet normal -0.260593 0.440573 -0.859061
    outer loop
      vertex 0.176777 -0.191342 0.426777
      vertex 0.165707 -0.250000 0.400052
      vertex 0.090120 -0.191342 0.453064
    endloop
  endfacet
  facet normal -0.260593 0.440573 -0.859061
    outer loop
      vertex 0.090120 -0.191342 0.453064
      vertex 0.165707 -0.250000 0.400052
      vertex 0.084477 -0.250000 0.424692
    endloop
  endfacet
  facet normal -0.087992 0.440573 -0.893394
    outer loop
      vertex 0.090120 -0.191342 0.453064
      vertex 0.084477 -0.250000 0.424692
      vertex 0.000000 -0.191342 0.461940
    endloop
  endfacet
  facet normal -0.087992 0.440573 -0.893394
    outer loop
      vertex 0.000000 -0.191342 0.461940
      vertex 0.084477 -0.250000 0.424692
      vertex 0.000000 -0.250000 0.433013
    endloop
  endfacet
  facet normal 0.087992 0.440573 -0.893394
    outer loop
      vertex 0.000000 -0.191342 0.461940
      vertex 0.000000 -0.250000 0.433013
      vertex -0.090120 -0.191342 0.453064
    endloop
  endfacet
  facet normal 0.087992 0.440573 -0.893394
    outer loop
      vertex -0.090120 -0.191342 0.453064
      vertex 0.000000 -0.250000 0.433013
      vertex -0.084477 -0.250000 0.424692
    endloop
  endfacet
  facet normal 0.260593 0.440573 -0.859061
    outer loop
      vertex -0.090120 -0.191342 0.453064
      vertex -0.084477 -0.250000 0.424692
      vertex -0.176777 -0.191342 0.426777
    endloop
  endfacet
  facet normal 0.260593 0.440573 -0.859061
    outer loop
      vertex -0.176777 -0.191342 0.426777
      vertex -0.084477 -0.250000 0.424692
      vertex -0.165707 -0.250000 0.400052
    endloop
  endfacet
  facet normal 0.423181 0.440573 -0.791715
    outer loop
      vertex -0.176777 -0.191342 0.426777
      vertex -0.165707 -0.250000 0.400052
      vertex -0.256640 -0.191342 0.384089
    endloop
  endfacet
  facet normal 0.423181 0.440573 -0.791715
    outer loop
      vertex -0.256640 -0.191342 0.384089
      vertex -0.165707 -0.250000 0.400052
      vertex -0.240569 -0.250000 0.360037
    endloop
  endfacet
  facet normal 0.569505 0.440573 -0.693944
    outer loop
      vertex -0.256640 -0.191342 0.384089
      vertex -0.240569 -0.250000 0.360037
      vertex -0.326641 -0.191342 0.326641
    endloop
  endfacet
  facet normal 0.569505 0.440573 -0.693944
    outer loop
      vertex -0.326641 -0.191342 0.326641
      vertex -0.240569 -0.250000 0.360037
      vertex -0.306186 -0.250000 0.306186
    endloop
  endfacet
  facet normal 0.693944 0.440573 -0.569505
    outer loop
      vertex -0.326641 -0.191342 0.326641
      vertex -0.306186 -0.250000 0.306186
      vertex -0.384089 -0.191342 0.256640
    endloop
  endfacet
  facet normal 0.693944 0.440573 -0.569505
    outer loop
      vertex -0.384089 -0.191342 0.256640
      vertex -0.306186 -0.250000 0.306186
      vertex -0.360037 -0.250000 0.240569
    endloop
  endfacet
  facet normal 0.791715 0.440573 -0.423181
    outer loop
      vertex -0.384089 -0.191342 0.256640
      vertex -0.360037 -0.250000 0.240569
      vertex -0.426777 -0.191342 0.176777
    endloop
  endfacet
  facet normal 0.791715 0.440573 -0.423181
    outer loop
      vertex -0.426777 -0.191342 0.176777
      vertex -0.360037 -0.250000 0.240569
      vertex -0.400052 -0.250000 0.165707
    endloop
  endfacet
  facet normal 0.859061 0.440573 -0.260593
    outer loop
      vertex -0.426777 -0.191342 0.176777
      vertex -0.400052 -0.250000 0.165707
      vertex -0.453064 -0.191342 0.090120
    endloop
  endfacet
  facet normal 0.859061 0.440573 -0.260593
    outer loop
      vertex -0.453064 -0.191342 0.090120
      vertex -0.400052 -0.250000 0.165707
      vertex -0.424692 -0.250000 0.084477
    endloop
  endfacet
  facet normal 0.893394 0.440573 -0.087992
    outer loop
      vertex -0.453064 -0.191342 0.090120
      vertex -0.424692 -0.250000 0.084477
      vertex -0.461940 -0.191342 0.000000
    endloop
  endfacet
  facet normal 0.893394 0.440573 -0.087992
    outer loop
      vertex -0.461940 -0.191342 0.000000
      vertex -0.424692 -0.250000 0.084477
      vertex -0.433013 -0.250000 0.000000
    endloop
  endfacet
  facet normal 0.893394 0.440573 0.087992
    outer loop
      vertex -0.461940 -0.191342 0.000000
      vertex -0.433013 -0.250000 0.000000
      vertex -0.453064 -0.191342 -0.090120
    endloop
  endfacet
  facet normal 0.893394 0.440573 0.087992
    outer loop
      vertex -0.453064 -0.191342 -0.090120
      vertex -0.433013 -0.250000 0.000000
      vertex -0.424692 -0.250000 -0.084477
    endloop
  endfacet
  facet normal 0.859061 0.440573 0.260593
    outer loop
      vertex -0.453064 -0.191342 -0.090120
      vertex -0.424692 -0.250000 -0.084477
      vertex -0.426777 -0.191342 -0.176777
    endloop
  endfacet
  facet normal 0.859061 0.440573 0.260593
    outer loop
      vertex -0.426777 -0.191342 -0.176777
      vertex -0.424692 -0.250000 -0.084477
      vertex -0.400052 -0.250000 -0.165707
    endloop
  endfacet
  facet normal 0.791715 0.440573 0.423181
    outer loop
      vertex -0.426777 -0.191342 -0.176777
      vertex -0.400052 -0.250000 -0.165707
      vertex -0.384089 -0.191342 -0.256640
    endloop
  endfacet
  facet normal 0.791715 0.440573 0.423181
    outer loop
      vertex -0.384089 -0.191342 -0.256640
      vertex -0.400052 -0.250000 -0.165707
      vertex -0.360037 -0.250000 -0.240569
    endloop
  endfacet
  facet normal 0.693944 0.440573 0.569505
    outer loop
      vertex -0.384089 -0.191342 -0.256640
      vertex -0.360037 -0.250000 -0.240569
      vertex -0.326641 -0.191342 -0.326641
    endloop
  endfacet
  facet normal 0.693944 0.440573 0.569505
    outer loop
      vertex -0.326641 -0.191342 -0.326641
      vertex -0.360037 -0.250000 -0.240569
      vertex -0.306186 -0.250000 -0.306186
    endloop
  endfacet
  facet normal 0.569505 0.440573 0.693944
    outer loop
      vertex -0.326641 -0.191342 -0.326641
      vertex -0.306186 -0.250000 -0.306186
      vertex -0.256640 -0.191342 -0.384089
    endloop
  endfacet
  facet normal 0.569505 0.440573 0.693944
    outer loop
      vertex -0.256640 -0.191342 -0.384089
      vertex -0.306186 -0.250000 -0.306186
      vertex -0.240569 -0.250000 -0.360037
    endloop
  endfacet
  facet normal 0.423181 0.440573 0.791715
    outer loop
      vertex -0.256640 -0.191342 -0.384089
      vertex -0.240569 -0.250000 -0.360037
      vertex -0.176777 -0.191342 -0.426777
    endloop
  endfacet
  facet normal 0.423181 0.440573 0.791715
    outer loop
      vertex -0.176777 -0.191342 -0.426777
      vertex -0.240569 -0.250000 -0.360037
      vertex -0.165707 -0.250000 -0.400052
    endloop
  endfacet
  facet normal 0.260593 0.440573 0.859061
    outer loop
      vertex -0.176777 -0.191342 -0.426777
      vertex -0.165707 -0.250000 -0.400052
      vertex -0.090120 -0.191342 -0.453064
    endloop
  endfacet
  facet normal 0.260593 0.440573 0.859061
    outer loop
      vertex -0.090120 -0.191342 -0.453064
      vertex -0.165707 -0.250000 -0.400052
      vertex -0.084477 -0.250000 -0.424692
    endloop
  endfacet
  facet normal 0.087992 0.440573 0.893394
    outer loop
      vertex -0.090120 -0.191342 -0.453064
      vertex -0.084477 -0.250000 -0.424692
      vertex -0.000000 -0.191342 -0.461940
    endloop
  endfacet
  facet normal 0.087992 0.440573 0.893394
    outer loop
      vertex -0.000000 -0.191342 -0.461940
      vertex -0.084477 -0.250000 -0.424692
      vertex -0.000000 -0.250000 -0.433013
    endloop
  endfacet
  facet normal -0.087992 0.440573 0.893394
    outer loop
      vertex -0.000000 -0.191342 -0.461940
      vertex -0.000000 -0.250000 -0.433013
      vertex 0.090120 -0.191342 -0.453064
    endloop
  endfacet
  facet normal -0.087992 0.440573 0.893394
    outer loop
      vertex 0.090120 -0.191342 -0.453064
      vertex -0.000000 -0.250000 -0.433013
      vertex 0.084477 -0.250000 -0.424692
    endloop
  endfacet
  facet normal -0.260593 0.440573 0.859061
    outer loop
      vertex 0.090120 -0.191342 -0.453064
      vertex 0.084477 -0.250000 -0.424692
      vertex 0.176777 -0.191342 -0.426777
    endloop
  endfacet
  facet normal -0.260593 0.440573 0.859061
    outer loop
      vertex 0.176777 -0.191342 -0.426777
      vertex 0.084477 -0.250000 -0.424692
      vertex 0.165707 -0.250000 -0.400052
    endloop
  endfacet
  facet normal -0.423181 0.440573 0.791715
    outer loop
      vertex 0.176777 -0.191342 -0.426777
      vertex 0.165707 -0.250000 -0.400052
      vertex 0.256640 -0.191342 -0.384089
    endloop
  endfacet
  facet normal -0.423181 0.440573 0.791715
    outer loop
      vertex 0.256640 -0.191342 -0.384089
      vertex 0.165707 -0.250000 -0.400052
      vertex 0.240569 -0.250000 -0.360037
    endloop
  endfacet
  facet normal -0.569505 0.440573 0.693944
    outer loop
      vertex 0.256640 -0.191342 -0.384089
      vertex 0.240569 -0.250000 -0.360037
      vertex 0.326641 -0.191342 -0.326641
    endloop
  endfacet
  facet normal -0.569505 0.440573 0.693944
    outer loop
      vertex 0.326641 -0.191342 -0.326641
      vertex 0.240569 -0.250000 -0.360037
      vertex 0.306186 -0.250000 -0.306186
    endloop
  endfacet
  facet normal -0.693944 0.440573 0.569505
    outer loop
      vertex 0.326641 -0.191342 -0.326641
      vertex 0.306186 -0.250000 -0.306186
      vertex 0.384089 -0.191342 -0.256640
    endloop
  endfacet
  facet normal -0.693944 0.440573 0.569505
    outer loop
      vertex 0.384089 -0.191342 -0.256640
      vertex 0.306186 -0.250000 -0.306186
      vertex 0.360037 -0.250000 -0.240569
    endloop
  endfacet
  facet normal -0.791715 0.440573 0.423181
    outer loop
      vertex 0.384089 -0.191342 -0.256640
      vertex 0.360037 -0.250000 -0.240569
      vertex 0.426777 -0.191342 -0.176777
    endloop
  endfacet
  facet normal -0.791715 0.440573 0.423181
    outer loop
      vertex 0.426777 -0.191342 -0.176777
      vertex 0.360037 -0.250000 -0.240569
      vertex 0.400052 -0.250000 -0.165707
    endloop
  endfacet
  facet normal -0.859061 0.440573 0.260593
    outer loop
      vertex 0.426777 -0.191342 -0.176777
      vertex 0.400052 -0.250000 -0.165707
      vertex 0.453064 -0.191342 -0.090120
    endloop
  endfacet
  facet normal -0.859061 0.440573 0.260593
    outer loop
      vertex 0.453064 -0.191342 -0.090120
      vertex 0.400052 -0.250000 -0.165707
      vertex 0.424692 -0.250000 -0.084477
    endloop
  endfacet
  facet normal -0.893394 0.440573 0.087992
    outer loop
      vertex 0.453064 -0.191342 -0.090120
      vertex 0.424692 -0.250000 -0.084477
      vertex 0.461940 -0.191342 -0.000000
    endloop
  endfacet
  facet normal -0.893394 0.440573 0.087992
    outer loop
      vertex 0.461940 -0.191342 -0.000000
      vertex 0.424692 -0.250000 -0.084477
      vertex 0.433013 -0.250000 -0.000000
    endloop
  endfacet
  facet normal -0.828695 0.553717 -0.081619
    outer loop
      vertex 0.433013 -0.250000 0.000000
      vertex 0.396677 -0.304381 0.000000
      vertex 0.424692 -0.250000 0.084477
    endloop
  endfacet
  facet normal -0.828695 0.553717 -0.081619
    outer loop
      vertex 0.424692 -0.250000 0.084477
      vertex 0.396677 -0.304381 0.000000
      vertex 0.389055 -0.304381 0.077388
    endloop
  endfacet
  facet normal -0.796849 0.553717 -0.241722
    outer loop
      vertex 0.424692 -0.250000 0.084477
      vertex 0.389055 -0.304381 0.077388
      vertex 0.400052 -0.250000 0.165707
    endloop
  endfacet
  facet normal -0.796849 0.553717 -0.241722
    outer loop
      vertex 0.400052 -0.250000 0.165707
      vertex 0.389055 -0.304381 0.077388
      vertex 0.366481 -0.304381 0.151802
    endloop
  endfacet
  facet normal -0.734380 0.553717 -0.392535
    outer loop
      vertex 0.400052 -0.250000 0.165707
      vertex 0.366481 -0.304381 0.151802
      vertex 0.360037 -0.250000 0.240569
    endloop
  endfacet
  facet normal -0.734380 0.553717 -0.392535
    outer loop
      vertex 0.360037 -0.250000 0.240569
      vertex 0.366481 -0.304381 0.151802
      vertex 0.329825 -0.304381 0.220382
    endloop
  endfacet
  facet normal -0.643690 0.553717 -0.528263
    outer loop
      vertex 0.360037 -0.250000 0.240569
      vertex 0.329825 -0.304381 0.220382
      vertex 0.306186 -0.250000 0.306186
    endloop
  endfacet
  facet normal -0.643690 0.553717 -0.528263
    outer loop
      vertex 0.306186 -0.250000 0.306186
      vertex 0.329825 -0.304381 0.220382
      vertex 0.280493 -0.304381 0.280493
    endloop
  endfacet
  facet normal -0.528263 0.553717 -0.643690
    outer loop
      vertex 0.306186 -0.250000 0.306186
      vertex 0.280493 -0.304381 0.280493
      vertex 0.240569 -0.250000 0.360037
    endloop
  endfacet
  facet normal -0.528263 0.553717 -0.643690
    outer loop
      vertex 0.240569 -0.250000 0.360037
      vertex 0.280493 -0.304381 0.280493
      vertex 0.220382 -0.304381 0.329825
    endloop
  endfacet
  facet normal -0.392535 0.553717 -0.734380
    outer loop
      vertex 0.240569 -0.250000 0.360037
      vertex 0.220382 -0.304381 0.329825
      vertex 0.165707 -0.250000 0.400052
    endloop
  endfacet
  facet normal -0.392535 0.553717 -0.734380
    outer loop
      vertex 0.165707 -0.250000 0.400052
      vertex 0.220382 -0.304381 0.329825
      vertex 0.151802 -0.304381 0.366481
    endloop
  endfacet
  facet normal -0.241722 0.553717 -0.796849
    outer loop
      vertex 0.165707 -0.250000 0.400052
      vertex 0.151802 -0.304381 0.366481
      vertex 0.084477 -0.250000 0.424692
    endloop
  endfacet
  facet normal -0.241722 0.553717 -0.796849
    outer loop
      vertex 0.084477 -0.250000 0.424692
      vertex 0.151802 -0.304381 0.366481
      vertex 0.077388 -0.304381 0.389055
    endloop
  endfacet
  facet normal -0.081619 0.553717 -0.828695
    outer loop
      vertex 0.084477 -0.250000 0.424692
      vertex 0.077388 -0.304381 0.389055
      vertex 0.000000 -0.250000 0.433013
    endloop
  endfacet
  facet normal -0.081619 0.553717 -0.828695
    outer loop
      vertex 0.000000 -0.250000 0.433013
      vertex 0.077388 -0.304381 0.389055
      vertex 0.000000 -0.304381 0.396677
    endloop
  endfacet
  facet normal 0.081619 0.553717 -0.828695
    outer loop
      vertex 0.000000 -0.250000 0.433013
      vertex 0.000000 -0.304381 0.396677
      vertex -0.084477 -0.250000 0.424692
    endloop
  endfacet
  facet normal 0.081619 0.553717 -0.828695
    outer loop
      vertex -0.084477 -0.250000 0.424692
      vertex 0.000000 -0.304381 0.396677
      vertex -0.077388 -0.304381 0.389055
    endloop
  endfacet
  facet normal 0.241722 0.553717 -0.796849
    outer loop
      vertex -0.084477 -0.250000 0.424692
      vertex -0.077388 -0.304381 0.389055
      vertex -0.165707 -0.250000 0.400052
    endloop
  endfacet
  facet normal 0.241722 0.553717 -0.796849
    outer loop
      vertex -0.165707 -0.250000 0.400052
      vertex -0.077388 -0.304381 0.389055
      vertex -0.151802 -0.304381 0.366481
    endloop
  endfacet
  facet normal 0.392535 0.553717 -0.734380
    outer loop
      vertex -0.165707 -0.250000 0.400052
      vertex -0.151802 -0.304381 0.366481
      vertex -0.240569 -0.250000 0.360037
    endloop
  endfacet
  facet normal 0.392535 0.553717 -0.734380
    outer loop
      vertex -0.240569 -0.250000 0.360037
      vertex -0.151802 -0.304381 0.366481
      vertex -0.220382 -0.304381 0.329825
    endloop
  endfacet
  facet normal 0.528263 0.553717 -0.643690
    outer loop
      vertex -0.240569 -0.250000 0.360037
      vertex -0.220382 -0.304381 0.329825
      vertex -0.306186 -0.250000 0.306186
    endloop
  endfacet
  facet normal 0.528263 0.553717 -0.643690
    outer loop
      vertex -0.306186 -0.250000 0.306186
      vertex -0.220382 -0.304381 0.329825
      vertex -0.280493 -0.304381 0.280493
    endloop
  endfacet
  facet normal 0.643690 0.553717 -0.528263
    outer loop
      vertex -0.306186 -0.250000 0.306186
      vertex -0.280493 -0.304381 0.280493
      vertex -0.360037 -0.250000 0.240569
    endloop
  endfacet
  facet normal 0.643690 0.553717 -0.528263
    outer loop
      vertex -0.360037 -0.250000 0.240569
      vertex -0.280493 -0.304381 0.280493
      vertex -0.329825 -0.304381 0.220382
    endloop
  endfacet
  facet normal 0.734380 0.553717 -0.392535
    outer loop
      vertex -0.360037 -0.250000 0.240569
      vertex -0.329825 -0.304381 0.220382
      vertex -0.400052 -0.250000 0.165707
    endloop
  endfacet
  facet normal 0.734380 0.553717 -0.392535
    outer loop
      vertex -0.400052 -0.250000 0.165707
      vertex -0.329825 -0.304381 0.220382
      vertex -0.366481 -0.304381 0.151802
    endloop
  endfacet
  facet normal 0.796849 0.553717 -0.241722
    outer loop
      vertex -0.400052 -0.250000 0.165707
      vertex -0.366481 -0.304381 0.151802
      vertex -0.424692 -0.250000 0.084477
    endloop
  endfacet
  facet normal 0.796849 0.553717 -0.241722
    outer loop
      vertex -0.424692 -0.250000 0.084477
      vertex -0.366481 -0.304381 0.151802
      vertex -0.389055 -0.304381 0.077388
    endloop
  endfacet
  facet normal 0.828695 0.553717 -0.081619
    outer loop
      vertex -0.424692 -0.250000 0.084477
      vertex -0.389055 -0.304381 0.077388
      vertex -0.433013 -0.250000 0.000000
    endloop
  endfacet
  facet normal 0.828695 0.553717 -0.081619
    outer loop
      vertex -0.433013 -0.250000 0.000000
      vertex -0.389055 -0.304381 0.077388
      vertex -0.396677 -0.304381 0.000000
    endloop
  endfacet
  facet normal 0.828695 0.553717 0.081619
    outer loop
      vertex -0.433013 -0.250000 0.000000
      vertex -0.396677 -0.304381 0.000000
      vertex -0.424692 -0.250000 -0.084477
    endloop
  endfacet
  facet normal 0.828695 0.553717 0.081619
    outer loop
      vertex -0.424692 -0.250000 -0.084477
      vertex -0.396677 -0.304381 0.000000
      vertex -0.389055 -0.304381 -0.077388
    endloop
  endfacet
  facet normal 0.796849 0.553717 0.241722
    outer loop
      vertex -0.424692 -0.250000 -0.084477
      vertex -0.389055 -0.304381 -0.077388
      vertex -0.400052 -0.250000 -0.165707
    endloop
  endfacet
  facet normal 0.796849 0.553717 0.241722
    outer loop
      vertex -0.400052 -0.250000 -0.165707
      vertex -0.389055 -0.304381 -0.077388
      vertex -0.366481 -0.304381 -0.151802
    endloop
  endfacet
  facet normal 0.734380 0.553717 0.392535
    outer loop
      vertex -0.400052 -0.250000 -0.165707
      vertex -0.366481 -0.304381 -0.151802
      vertex -0.360037 -0.250000 -0.240569
    endloop
  endfacet
  facet normal 0.734380 0.553717 0.392535
    outer loop
      vertex -0.360037 -0.250000 -0.240569
      vertex -0.366481 -0.304381 -0.151802
      vertex -0.329825 -0.304381 -0.220382
    endloop
  endfacet
  facet normal 0.643690 0.553717 0.528263
    outer loop
      vertex -0.360037 -0.250000 -0.240569
      vertex -0.329825 -0.304381 -0.220382
      vertex -0.306186 -0.250000 -0.306186
    endloop
  endfacet
  facet normal 0.643690 0.553717 0.528263
    outer loop
      vertex -0.306186 -0.250000 -0.306186
      vertex -0.329825 -0.304381 -0.220382
      vertex -0.280493 -0.304381 -0.280493
    endloop
  endfacet
  facet normal 0.528263 0.553717 0.643690
    outer loop
      vertex -0.306186 -0.250000 -0.306186
      vertex -0.280493 -0.304381 -0.280493
      vertex -0.240569 -0.250000 -0.360037
    endloop
  endfacet
  facet normal 0.528263 0.553717 0.643690
    outer loop
      vertex -0.240569 -0.250000 -0.360037
      vertex -0.280493 -0.304381 -0.280493
      vertex -0.220382 -0.304381 -0.329825
    endloop
  endfacet
  facet normal 0.392535 0.553717 0.734380
    outer loop
      vertex -0.240569 -0.250000 -0.360037
      vertex -0.220382 -0.304381 -0.329825
      vertex -0.165707 -0.250000 -0.400052
    endloop
  endfacet
  facet normal 0.392535 0.553717 0.734380
    outer loop
      vertex -0.165707 -0.250000 -0.400052
      vertex -0.220382 -0.304381 -0.329825
      vertex -0.151802 -0.304381 -0.366481
    endloop
  endfacet
  facet normal 0.241722 0.553717 0.796849
    outer loop
      vertex -0.165707 -0.250000 -0.400052
      vertex -0.151802 -0.304381 -0.366481
      vertex -0.084477 -0.250000 -0.424692
    endloop
  endfacet
  facet normal 0.241722 0.553717 0.796849
    outer loop
      vertex -0.084477 -0.250000 -0.424692
      vertex -0.151802 -0.304381 -0.366481
      vertex -0.077388 -0.304381 -0.389055
    endloop
  endfacet
  facet normal 0.081619 0.553717 0.828695
    outer loop
      vertex -0.084477 -0.250000 -0.424692
      vertex -0.077388 -0.304381 -0.389055
      vertex -0.000000 -0.250000 -0.433013
    endloop
  endfacet
  facet normal 0.081619 0.553717 0.828695
    outer loop
      vertex -0.000000 -0.250000 -0.433013
      vertex -0.077388 -0.304381 -0.389055
      vertex -0.000000 -0.304381 -0.396677
    endloop
  endfacet
  facet normal -0.081619 0.553717 0.828695
    outer loop
      vertex -0.000000 -0.250000 -0.433013
      vertex -0.000000 -0.304381 -0.396677
      vertex 0.084477 -0.250000 -0.424692
    endloop
  endfacet
  facet normal -0.081619 0.553717 0.828695
    outer loop
      vertex 0.084477 -0.250000 -0.424692
      vertex -0.000000 -0.304381 -0.396677
      vertex 0.077388 -0.304381 -0.389055
    endloop
  endfacet
  facet normal -0.241722 0.553717 0.796849
    outer loop
      vertex 0.084477 -0.250000 -0.424692
      vertex 0.077388 -0.304381 -0.389055
      vertex 0.165707 -0.250000 -0.400052
    endloop
  endfacet
  facet normal -0.241722 0.553717 0.796849
    outer loop
      vertex 0.165707 -0.250000 -0.400052
      vertex 0.077388 -0.304381 -0.389055
      vertex 0.151802 -0.304381 -0.366481
    endloop
  endfacet
  facet normal -0.392535 0.553717 0.734380
    outer loop
      vertex 0.165707 -0.250000 -0.400052
      vertex 0.151802 -0.304381 -0.366481
      vertex 0.240569 -0.250000 -0.360037
    endloop
  endfacet
  facet normal -0.392535 0.553717 0.734380
    outer loop
      vertex 0.240569 -0.250000 -0.360037
      vertex 0.151802 -0.304381 -0.366481
      vertex 0.220382 -0.304381 -0.329825
    endloop
  endfacet
  facet normal -0.528263 0.553717 0.643690
    outer loop
      vertex 0.240569 -0.250000 -0.360037
      vertex 0.220382 -0.304381 -0.329825
      vertex 0.306186 -0.250000 -0.306186
    endloop
  endfacet
  facet normal -0.528263 0.553717 0.643690
    outer loop
      vertex 0.306186 -0.250000 -0.306186
      vertex 0.220382 -0.304381 -0.329825
      vertex 0.280493 -0.304381 -0.280493
    endloop
  endfacet
  facet normal -0.643690 0.553717 0.528263
    outer loop
      vertex 0.306186 -0.250000 -0.306186
      vertex 0.280493 -0.304381 -0.280493
      vertex 0.360037 -0.250000 -0.240569
    endloop
  endfacet
  facet normal -0.643690 0.553717 0.528263
    outer loop
      vertex 0.360037 -0.250000 -0.240569
      vertex 0.280493 -0.304381 -0.280493
      vertex 0.329825 -0.304381 -0.220382
    endloop
  endfacet
  facet normal -0.734380 0.553717 0.392535
    outer loop
      vertex 0.360037 -0.250000 -0.240569
      vertex 0.329825 -0.304381 -0.220382
      vertex 0.400052 -0.250000 -0.165707
    endloop
  endfacet
  facet normal -0.734380 0.553717 0.392535
    outer loop
      vertex 0.400052 -0.250000 -0.165707
      vertex 0.329825 -0.304381 -0.220382
      vertex 0.366481 -0.304381 -0.151802
    endloop
  endfacet
  facet normal -0.796849 0.553717 0.241722
    outer loop
      vertex 0.400052 -0.250000 -0.165707
      vertex 0.366481 -0.304381 -0.151802
      vertex 0.424692 -0.250000 -0.084477
    endloop
  endfacet
  facet normal -0.796849 0.553717 0.241722
    outer loop
      vertex 0.424692 -0.250000 -0.084477
      vertex 0.366481 -0.304381 -0.151802
      vertex 0.389055 -0.304381 -0.077388
    endloop
  endfacet
  facet normal -0.828695 0.553717 0.081619
    outer loop
      vertex 0.424692 -0.250000 -0.084477
      vertex 0.389055 -0.304381 -0.077388
      vertex 0.433013 -0.250000 -0.000000
    endloop
  endfacet
  facet normal -0.828695 0.553717 0.081619
    outer loop
      vertex 0.433013 -0.250000 -0.000000
      vertex 0.389055 -0.304381 -0.077388
      vertex 0.396677 -0.304381 -0.000000
    endloop
  endfacet
  facet normal -0.749787 0.657545 -0.073848
    outer loop
      vertex 0.396677 -0.304381 0.000000
      vertex 0.353553 -0.353553 0.000000
      vertex 0.389055 -0.304381 0.077388
    endloop
  endfacet
  facet normal -0.749787 0.657545 -0.073848
    outer loop
      vertex 0.389055 -0.304381 0.077388
      vertex 0.353553 -0.353553 0.000000
      vertex 0.346760 -0.353553 0.068975
    endloop
  endfacet
  facet normal -0.720973 0.657545 -0.218705
    outer loop
      vertex 0.389055 -0.304381 0.077388
      vertex 0.346760 -0.353553 0.068975
      vertex 0.366481 -0.304381 0.151802
    endloop
  endfacet
  facet normal -0.720973 0.657545 -0.218705
    outer loop
      vertex 0.366481 -0.304381 0.151802
      vertex 0.346760 -0.353553 0.068975
      vertex 0.326641 -0.353553 0.135299
    endloop
  endfacet
  facet normal -0.664453 0.657545 -0.355157
    outer loop
      vertex 0.366481 -0.304381 0.151802
      vertex 0.326641 -0.353553 0.135299
      vertex 0.329825 -0.304381 0.220382
    endloop
  endfacet
  facet normal -0.664453 0.657545 -0.355157
    outer loop
      vertex 0.329825 -0.304381 0.220382
      vertex 0.326641 -0.353553 0.135299
      vertex 0.293969 -0.353553 0.196424
    endloop
  endfacet
  facet normal -0.582398 0.657545 -0.477961
    outer loop
      vertex 0.329825 -0.304381 0.220382
      vertex 0.293969 -0.353553 0.196424
      vertex 0.280493 -0.304381 0.280493
    endloop
  endfacet
  facet normal -0.582398 0.657545 -0.477961
    outer loop
      vertex 0.280493 -0.304381 0.280493
      vertex 0.293969 -0.353553 0.196424
      vertex 0.250000 -0.353553 0.250000
    endloop
  endfacet
  facet normal -0.477961 0.657545 -0.582398
    outer loop
      vertex 0.280493 -0.304381 0.280493
      vertex 0.250000 -0.353553 0.250000
      vertex 0.220382 -0.304381 0.329825
    endloop
  endfacet
  facet normal -0.477961 0.657545 -0.582398
    outer loop
      vertex 0.220382 -0.304381 0.329825
      vertex 0.250000 -0.353553 0.250000
      vertex 0.196424 -0.353553 0.293969
    endloop
  endfacet
  facet normal -0.355157 0.657545 -0.664453
    outer loop
      vertex 0.220382 -0.304381 0.329825
      vertex 0.196424 -0.353553 0.293969
      vertex 0.151802 -0.304381 0.366481
    endloop
  endfacet
  facet normal -0.355157 0.657545 -0.664453
    outer loop
      vertex 0.151802 -0.304381 0.366481
      vertex 0.196424 -0.353553 0.293969
      vertex 0.135299 -0.353553 0.326641
    endloop
  endfacet
  facet normal -0.218705 0.657545 -0.720973
    outer loop
      vertex 0.151802 -0.304381 0.366481
      vertex 0.135299 -0.353553 0.326641
      vertex 0.077388 -0.304381 0.389055
    endloop
  endfacet
  facet normal -0.218705 0.657545 -0.720973
    outer loop
      vertex 0.077388 -0.304381 0.389055
      vertex 0.135299 -0.353553 0.326641
      vertex 0.068975 -0.353553 0.346760
    endloop
  endfacet
  facet normal -0.073848 0.657545 -0.749787
    outer loop
      vertex 0.077388 -0.304381 0.389055
      vertex 0.068975 -0.353553 0.346760
      vertex 0.000000 -0.304381 0.396677
    endloop
  endfacet
  facet normal -0.073848 0.657545 -0.749787
    outer loop
      vertex 0.000000 -0.304381 0.396677
      vertex 0.068975 -0.353553 0.346760
      vertex 0.000000 -0.353553 0.353553
    endloop
  endfacet
  facet normal 0.073848 0.657545 -0.749787
    outer loop
      vertex 0.000000 -0.304381 0.396677
      vertex 0.000000 -0.353553 0.353553
      vertex -0.077388 -0.304381 0.389055
    endloop
  endfacet
  facet normal 0.073848 0.657545 -0.749787
    outer loop
      vertex -0.077388 -0.304381 0.389055
      vertex 0.000000 -0.353553 0.353553
      vertex -0.068975 -0.353553 0.346760
    endloop
  endfacet
  facet normal 0.218705 0.657545 -0.720973
    outer loop
      vertex -0.077388 -0.304381 0.389055
      vertex -0.068975 -0.353553 0.346760
      vertex -0.151802 -0.304381 0.366481
    endloop
  endfacet
  facet normal 0.218705 0.657545 -0.720973
    outer loop
      vertex -0.151802 -0.304381 0.366481
      vertex -0.068975 -0.353553 0.346760
      vertex -0.135299 -0.353553 0.326641
    endloop
  endfacet
  facet normal 0.355157 0.657545 -0.664453
    outer loop
      vertex -0.151802 -0.304381 0.366481
      vertex -0.135299 -0.353553 0.326641
      vertex -0.220382 -0.304381 0.329825
    endloop
  endfacet
  facet normal 0.355157 0.657545 -0.664453
    outer loop
      vertex -0.220382 -0.304381 0.329825
      vertex -0.135299 -0.353553 0.326641
      vertex -0.196424 -0.353553 0.293969
    endloop
  endfacet
  facet normal 0.477961 0.657545 -0.582398
    outer loop
      vertex -0.220382 -0.304381 0.329825
      vertex -0.196424 -0.353553 0.293969
      vertex -0.280493 -0.304381 0.280493
    endloop
  endfacet
  facet normal 0.477961 0.657545 -0.582398
    outer loop
      vertex -0.280493 -0.304381 0.280493
      vertex -0.196424 -0.353553 0.293969
      vertex -0.250000 -0.353553 0.250000
    endloop
  endfacet
  facet normal 0.582398 0.657545 -0.477961
    outer loop
      vertex -0.280493 -0.304381 0.280493
      vertex -0.250000 -0.353553 0.250000
      vertex -0.329825 -0.304381 0.220382
    endloop
  endfacet
  facet normal 0.582398 0.657545 -0.477961
    outer loop
      vertex -0.329825 -0.304381 0.220382
      vertex -0.250000 -0.353553 0.250000
      vertex -0.293969 -0.353553 0.196424
    endloop
  endfacet
  facet normal 0.664453 0.657545 -0.355157
    outer loop
      vertex -0.329825 -0.304381 0.220382
      vertex -0.293969 -0.353553 0.196424
      vertex -0.366481 -0.304381 0.151802
    endloop
  endfacet
  facet normal 0.664453 0.657545 -0.355157
    outer loop
      vertex -0.366481 -0.304381 0.151802
      vertex -0.293969 -0.353553 0.196424
      vertex -0.326641 -0.353553 0.135299
    endloop
  endfacet
  facet normal 0.720973 0.657545 -0.218705
    outer loop
      vertex -0.366481 -0.304381 0.151802
      vertex -0.326641 -0.353553 0.135299
      vertex -0.389055 -0.304381 0.077388
    endloop
  endfacet
  facet normal 0.720973 0.657545 -0.218705
    outer loop
      vertex -0.389055 -0.304381 0.077388
      vertex -0.326641 -0.353553 0.135299
      vertex -0.346760 -0.353553 0.068975
    endloop
  endfacet
  facet normal 0.749787 0.657545 -0.073848
    outer loop
      vertex -0.389055 -0.304381 0.077388
      vertex -0.346760 -0.353553 0.068975
      vertex -0.396677 -0.304381 0.000000
    endloop
  endfacet
  facet normal 0.749787 0.657545 -0.073848
    outer loop
      vertex -0.396677 -0.304381 0.000000
      vertex -0.346760 -0.353553 0.068975
      vertex -0.353553 -0.353553 0.000000
    endloop
  endfacet
  facet normal 0.749787 0.657545 0.073848
    outer loop
      vertex -0.396677 -0.304381 0.000000
      vertex -0.353553 -0.353553 0.000000
      vertex -0.389055 -0.304381 -0.077388
    endloop
  endfacet
  facet normal 0.749787 0.657545 0.073848
    outer loop
      vertex -0.389055 -0.304381 -0.077388
      vertex -0.353553 -0.353553 0.000000
      vertex -0.346760 -0.353553 -0.068975
    endloop
  endfacet
  facet normal 0.720973 0.657545 0.218705
    outer loop
      vertex -0.389055 -0.304381 -0.077388
      vertex -0.346760 -0.353553 -0.068975
      vertex -0.366481 -0.304381 -0.151802
    endloop
  endfacet
  facet normal 0.720973 0.657545 0.218705
    outer loop
      vertex -0.366481 -0.304381 -0.151802
      vertex -0.346760 -0.353553 -0.068975
      vertex -0.326641 -0.353553 -0.135299
    endloop
  endfacet
  facet normal 0.664453 0.657545 0.355157
    outer loop
      vertex -0.366481 -0.304381 -0.151802
      vertex -0.326641 -0.353553 -0.135299
      vertex -0.329825 -0.304381 -0.220382
    endloop
  endfacet
  facet normal 0.664453 0.657545 0.355157
    outer loop
      vertex -0.329825 -0.304381 -0.220382
      vertex -0.326641 -0.353553 -0.135299
      vertex -0.293969 -0.353553 -0.196424
    endloop
  endfacet
  facet normal 0.582398 0.657545 0.477961
    outer loop
      vertex -0.329825 -0.304381 -0.220382
      vertex -0.293969 -0.353553 -0.196424
      vertex -0.280493 -0.304381 -0.280493
    endloop
  endfacet
  facet normal 0.582398 0.657545 0.477961
    outer loop
      vertex -0.280493 -0.304381 -0.280493
      vertex -0.293969 -0.353553 -0.196424
      vertex -0.250000 -0.353553 -0.250000
    endloop
  endfacet
  facet normal 0.477961 0.657545 0.582398
    outer loop
      vertex -0.280493 -0.304381 -0.280493
      vertex -0.250000 -0.353553 -0.250000
      vertex -0.220382 -0.304381 -0.329825
    endloop
  endfacet
  facet normal 0.477961 0.657545 0.582398
    outer loop
      vertex -0.220382 -0.304381 -0.329825
      vertex -0.250000 -0.353553 -0.250000
      vertex -0.196424 -0.353553 -0.293969
    endloop
  endfacet
  facet normal 0.355157 0.657545 0.664453
    outer loop
      vertex -0.220382 -0.304381 -0.329825
      vertex -0.196424 -0.353553 -0.293969
      vertex -0.151802 -0.304381 -0.366481
    endloop
  endfacet
  facet normal 0.355157 0.657545 0.664453
    outer loop
      vertex -0.151802 -0.304381 -0.366481
      vertex -0.196424 -0.353553 -0.293969
      vertex -0.135299 -0.353553 -0.326641
    endloop
  endfacet
  facet normal 0.218705 0.657545 0.720973
    outer loop
      vertex -0.151802 -0.304381 -0.366481
      vertex -0.135299 -0.353553 -0.326641
      vertex -0.077388 -0.304381 -0.389055
    endloop
  endfacet
  facet normal 0.218705 0.657545 0.720973
    outer loop
      vertex -0.077388 -0.304381 -0.389055
      vertex -0.135299 -0.353553 -0.326641
      vertex -0.068975 -0.353553 -0.346760
    endloop
  endfacet
  facet normal 0.073848 0.657545 0.749787
    outer loop
      vertex -0.077388 -0.304381 -0.389055
      vertex -0.068975 -0.353553 -0.346760
      vertex -0.000000 -0.304381 -0.396677
    endloop
  endfacet
  facet normal 0.073848 0.657545 0.749787
    outer loop
      vertex -0.000000 -0.304381 -0.396677
      vertex -0.068975 -0.353553 -0.346760
      vertex -0.000000 -0.353553 -0.353553
    endloop
  endfacet
  facet normal -0.073848 0.657545 0.749787
    outer loop
      vertex -0.000000 -0.304381 -0.396677
      vertex -0.000000 -0.353553 -0.353553
      vertex 0.077388 -0.304381 -0.389055
    endloop
  endfacet
  facet normal -0.073848 0.657545 0.749787
    outer loop
      vertex 0.077388 -0.304381 -0.389055
      vertex -0.000000 -0.353553 -0.353553
      vertex 0.068975 -0.353553 -0.346760
    endloop
  endfacet
  facet normal -0.218705 0.657545 0.720973
    outer loop
      vertex 0.077388 -0.304381 -0.389055
      vertex 0.068975 -0.353553 -0.346760
      vertex 0.151802 -0.304381 -0.366481
    endloop
  endfacet
  facet normal -0.218705 0.657545 0.720973
    outer loop
      vertex 0.151802 -0.304381 -0.366481
      vertex 0.068975 -0.353553 -0.346760
      vertex 0.135299 -0.353553 -0.326641
    endloop
  endfacet
  facet normal -0.355157 0.657545 0.664453
    outer loop
      vertex 0.151802 -0.304381 -0.366481
      vertex 0.135299 -0.353553 -0.326641
      vertex 0.220382 -0.304381 -0.329825
    endloop
  endfacet
  facet normal -0.355157 0.657545 0.664453
    outer loop
      vertex 0.220382 -0.304381 -0.329825
      vertex 0.135299 -0.353553 -0.326641
      vertex 0.196424 -0.353553 -0.293969
    endloop
  endfacet
  facet normal -0.477961 0.657545 0.582398
    outer loop
      vertex 0.220382 -0.304381 -0.329825
      vertex 0.196424 -0.353553 -0.293969
      vertex 0.280493 -0.304381 -0.280493
    endloop
  endfacet
  facet normal -0.477961 0.657545 0.582398
    outer loop
      vertex 0.280493 -0.304381 -0.280493
      vertex 0.196424 -0.353553 -0.293969
      vertex 0.250000 -0.353553 -0.250000
    endloop
  endfacet
  facet normal -0.582398 0.657545 0.477961
    outer loop
      vertex 0.280493 -0.304381 -0.280493
      vertex 0.250000 -0.353553 -0.250000
      vertex 0.329825 -0.304381 -0.220382
    endloop
  endfacet
  facet normal -0.582398 0.657545 0.477961
    outer loop
      vertex 0.329825 -0.304381 -0.220382
      vertex 0.250000 -0.353553 -0.250000
      vertex 0.293969 -0.353553 -0.196424
    endloop
  endfacet
  facet normal -0.664453 0.657545 0.355157
    outer loop
      vertex 0.329825 -0.304381 -0.220382
      vertex 0.293969 -0.353553 -0.196424
      vertex 0.366481 -0.304381 -0.151802
    endloop
  endfacet
  facet normal -0.664453 0.657545 0.355157
    outer loop
      vertex 0.366481 -0.304381 -0.151802
      vertex 0.293969 -0.353553 -0.196424
      vertex 0.326641 -0.353553 -0.135299
    endloop
  endfacet
  facet normal -0.720973 0.657545 0.218705
    outer loop
      vertex 0.366481 -0.304381 -0.151802
      vertex 0.326641 -0.353553 -0.135299
      vertex 0.389055 -0.304381 -0.077388
    endloop
  endfacet
  facet normal -0.720973 0.657545 0.218705
    outer loop
      vertex 0.389055 -0.304381 -0.077388
      vertex 0.326641 -0.353553 -0.135299
      vertex 0.346760 -0.353553 -0.068975
    endloop
  endfacet
  facet normal -0.749787 0.657545 0.073848
    outer loop
      vertex 0.389055 -0.304381 -0.077388
      vertex 0.346760 -0.353553 -0.068975
      vertex 0.396677 -0.304381 -0.000000
    endloop
  endfacet
  facet normal -0.749787 0.657545 0.073848
    outer loop
      vertex 0.396677 -0.304381 -0.000000
      vertex 0.346760 -0.353553 -0.068975
      vertex 0.353553 -0.353553 -0.000000
    endloop
  endfacet
  facet normal -0.657960 0.750259 -0.064803
    outer loop
      vertex 0.353553 -0.353553 0.000000
      vertex 0.304381 -0.396677 0.000000
      vertex 0.346760 -0.353553 0.068975
    endloop
  endfacet
  facet normal -0.657960 0.750259 -0.064803
    outer loop
      vertex 0.346760 -0.353553 0.068975
      vertex 0.304381 -0.396677 0.000000
      vertex 0.298532 -0.396677 0.059382
    endloop
  endfacet
  facet normal -0.632675 0.750259 -0.191920
    outer loop
      vertex 0.346760 -0.353553 0.068975
      vertex 0.298532 -0.396677 0.059382
      vertex 0.326641 -0.353553 0.135299
    endloop
  endfacet
  facet normal -0.632675 0.750259 -0.191920
    outer loop
      vertex 0.326641 -0.353553 0.135299
      vertex 0.298532 -0.396677 0.059382
      vertex 0.281211 -0.396677 0.116481
    endloop
  endfacet
  facet normal -0.583077 0.750259 -0.311661
    outer loop
      vertex 0.326641 -0.353553 0.135299
      vertex 0.281211 -0.396677 0.116481
      vertex 0.293969 -0.353553 0.196424
    endloop
  endfacet
  facet normal -0.583077 0.750259 -0.311661
    outer loop
      vertex 0.293969 -0.353553 0.196424
      vertex 0.281211 -0.396677 0.116481
      vertex 0.253083 -0.396677 0.169105
    endloop
  endfacet
  facet normal -0.511071 0.750259 -0.419425
    outer loop
      vertex 0.293969 -0.353553 0.196424
      vertex 0.253083 -0.396677 0.169105
      vertex 0.250000 -0.353553 0.250000
    endloop
  endfacet
  facet normal -0.511071 0.750259 -0.419425
    outer loop
      vertex 0.250000 -0.353553 0.250000
      vertex 0.253083 -0.396677 0.169105
      vertex 0.215230 -0.396677 0.215230
    endloop
  endfacet
  facet normal -0.419425 0.750259 -0.511071
    outer loop
      vertex 0.250000 -0.353553 0.250000
      vertex 0.215230 -0.396677 0.215230
      vertex 0.196424 -0.353553 0.293969
    endloop
  endfacet
  facet normal -0.419425 0.750259 -0.511071
    outer loop
      vertex 0.196424 -0.353553 0.293969
      vertex 0.215230 -0.396677 0.215230
      vertex 0.169105 -0.396677 0.253083
    endloop
  endfacet
  facet normal -0.311661 0.750259 -0.583077
    outer loop
      vertex 0.196424 -0.353553 0.293969
      vertex 0.169105 -0.396677 0.253083
      vertex 0.135299 -0.353553 0.326641
    endloop
  endfacet
  facet normal -0.311661 0.750259 -0.583077
    outer loop
      vertex 0.135299 -0.353553 0.326641
      vertex 0.169105 -0.396677 0.253083
      vertex 0.116481 -0.396677 0.281211
    endloop
  endfacet
  facet normal -0.191920 0.750259 -0.632675
    outer loop
      vertex 0.135299 -0.353553 0.326641
      vertex 0.116481 -0.396677 0.281211
      vertex 0.068975 -0.353553 0.346760
    endloop
  endfacet
  facet normal -0.191920 0.750259 -0.632675
    outer loop
      vertex 0.068975 -0.353553 0.346760
      vertex 0.116481 -0.396677 0.281211
      vertex 0.059382 -0.396677 0.298532
    endloop
  endfacet
  facet normal -0.064803 0.750259 -0.657960
    outer loop
      vertex 0.068975 -0.353553 0.346760
      vertex 0.059382 -0.396677 0.298532
      vertex 0.000000 -0.353553 0.353553
    endloop
  endfacet
  facet normal -0.064803 0.750259 -0.657960
    outer loop
      vertex 0.000000 -0.353553 0.353553
      vertex 0.059382 -0.396677 0.298532
      vertex 0.000000 -0.396677 0.304381
    endloop
  endfacet
  facet normal 0.064803 0.750259 -0.657960
    outer loop
      vertex 0.000000 -0.353553 0.353553
      vertex 0.000000 -0.396677 0.304381
      vertex -0.068975 -0.353553 0.346760
    endloop
  endfacet
  facet normal 0.064803 0.750259 -0.657960
    outer loop
      vertex -0.068975 -0.353553 0.346760
      vertex 0.000000 -0.396677 0.304381
      vertex -0.059382 -0.396677 0.298532
    endloop
  endfacet
  facet normal 0.191920 0.750259 -0.632675
    outer loop
      vertex -0.068975 -0.353553 0.346760
      vertex -0.059382 -0.396677 0.298532
      vertex -0.135299 -0.353553 0.326641
    endloop
  endfacet
  facet normal 0.191920 0.750259 -0.632675
    outer loop
      vertex -0.135299 -0.353553 0.326641
      vertex -0.059382 -0.396677 0.298532
      vertex -0.116481 -0.396677 0.281211
    endloop
  endfacet
  facet normal 0.311661 0.750259 -0.583077
    outer loop
      vertex -0.135299 -0.353553 0.326641
      vertex -0.116481 -0.396677 0.281211
      vertex -0.196424 -0.353553 0.293969
    endloop
  endfacet
  facet normal 0.311661 0.750259 -0.583077
    outer loop
      vertex -0.196424 -0.353553 0.293969
      vertex -0.116481 -0.396677 0.281211
      vertex -0.169105 -0.396677 0.253083
    endloop
  endfacet
  facet normal 0.419425 0.750259 -0.511071
    outer loop
      vertex -0.196424 -0.353553 0.293969
      vertex -0.169105 -0.396677 0.253083
      vertex -0.250000 -0.353553 0.250000
    endloop
  endfacet
  facet normal 0.419425 0.750259 -0.511071
    outer loop
      vertex -0.250000 -0.353553 0.250000
      vertex -0.169105 -0.396677 0.253083
      vertex -0.215230 -0.396677 0.215230
    endloop
  endfacet
  facet normal 0.511071 0.750259 -0.419425
    outer loop
      vertex -0.250000 -0.353553 0.250000
      vertex -0.215230 -0.396677 0.215230
      vertex -0.293969 -0.353553 0.196424
    endloop
  endfacet
  facet normal 0.511071 0.750259 -0.419425
    outer loop
      vertex -0.293969 -0.353553 0.196424
      vertex -0.215230 -0.396677 0.215230
      vertex -0.253083 -0.396677 0.169105
    endloop
  endfacet
  facet normal 0.583077 0.750259 -0.311661
    outer loop
      vertex -0.293969 -0.353553 0.196424
      vertex -0.253083 -0.396677 0.169105
      vertex -0.326641 -0.353553 0.135299
    endloop
  endfacet
  facet normal 0.583077 0.750259 -0.311661
    outer loop
      vertex -0.326641 -0.353553 0.135299
      vertex -0.253083 -0.396677 0.169105
      vertex -0.281211 -0.396677 0.116481
    endloop
  endfacet
  facet normal 0.632675 0.750259 -0.191920
    outer loop
      vertex -0.326641 -0.353553 0.135299
      vertex -0.281211 -0.396677 0.116481
      vertex -0.346760 -0.353553 0.068975
    endloop
  endfacet
  facet normal 0.632675 0.750259 -0.191920
    outer loop
      vertex -0.346760 -0.353553 0.068975
      vertex -0.281211 -0.396677 0.116481
      vertex -0.298532 -0.396677 0.059382
    endloop
  endfacet
  facet normal 0.657960 0.750259 -0.064803
    outer loop
      vertex -0.346760 -0.353553 0.068975
      vertex -0.298532 -0.396677 0.059382
      vertex -0.353553 -0.353553 0.000000
    endloop
  endfacet
  facet normal 0.657960 0.750259 -0.064803
    outer loop
      vertex -0.353553 -0.353553 0.000000
      vertex -0.298532 -0.396677 0.059382
      vertex -0.304381 -0.396677 0.000000
    endloop
  endfacet
  facet normal 0.657960 0.750259 0.064803
    outer loop
      vertex -0.353553 -0.353553 0.000000
      vertex -0.304381 -0.396677 0.000000
      vertex -0.346760 -0.353553 -0.068975
    endloop
  endfacet
  facet normal 0.657960 0.750259 0.064803
    outer loop
      vertex -0.346760 -0.353553 -0.068975
      vertex -0.304381 -0.396677 0.000000
      vertex -0.298532 -0.396677 -0.059382
    endloop
  endfacet
  facet normal 0.632675 0.750259 0.191920
    outer loop
      vertex -0.346760 -0.353553 -0.068975
      vertex -0.298532 -0.396677 -0.059382
      vertex -0.326641 -0.353553 -0.135299
    endloop
  endfacet
  facet normal 0.632675 0.750259 0.191920
    outer loop
      vertex -0.326641 -0.353553 -0.135299
      vertex -0.298532 -0.396677 -0.059382
      vertex -0.281211 -0.396677 -0.116481
    endloop
  endfacet
  facet normal 0.583077 0.750259 0.311661
    outer loop
      vertex -0.326641 -0.353553 -0.135299
      vertex -0.281211 -0.396677 -0.116481
      vertex -0.293969 -0.353553 -0.196424
    endloop
  endfacet
  facet normal 0.583077 0.750259 0.311661
    outer loop
      vertex -0.293969 -0.353553 -0.196424
      vertex -0.281211 -0.396677 -0.116481
      vertex -0.253083 -0.396677 -0.169105
    endloop
  endfacet
  facet normal 0.511071 0.750259 0.419425
    outer loop
      vertex -0.293969 -0.353553 -0.196424
      vertex -0.253083 -0.396677 -0.169105
      vertex -0.250000 -0.353553 -0.250000
    endloop
  endfacet
  facet normal 0.511071 0.750259 0.419425
    outer loop
      vertex -0.250000 -0.353553 -0.250000
      vertex -0.253083 -0.396677 -0.169105
      vertex -0.215230 -0.396677 -0.215230
    endloop
  endfacet
  facet normal 0.419425 0.750259 0.511071
    outer loop
      vertex -0.250000 -0.353553 -0.250000
      vertex -0.215230 -0.396677 -0.215230
      vertex -0.196424 -0.353553 -0.293969
    endloop
  endfacet
  facet normal 0.419425 0.750259 0.511071
    outer loop
      vertex -0.196424 -0.353553 -0.293969
      vertex -0.215230 -0.396677 -0.215230
      vertex -0.169105 -0.396677 -0.253083
    endloop
  endfacet
  facet normal 0.311661 0.750259 0.583077
    outer loop
      vertex -0.196424 -0.353553 -0.293969
      vertex -0.169105 -0.396677 -0.253083
      vertex -0.135299 -0.353553 -0.326641
    endloop
  endfacet
  facet normal 0.311661 0.750259 0.583077
    outer loop
      vertex -0.135299 -0.353553 -0.326641
      vertex -0.169105 -0.396677 -0.253083
      vertex -0.116481 -0.396677 -0.281211
    endloop
  endfacet
  facet normal 0.191920 0.750259 0.632675
    outer loop
      vertex -0.135299 -0.353553 -0.326641
      vertex -0.116481 -0.396677 -0.281211
      vertex -0.068975 -0.353553 -0.346760
    endloop
  endfacet
  facet normal 0.191920 0.750259 0.632675
    outer loop
      vertex -0.068975 -0.353553 -0.346760
      vertex -0.116481 -0.396677 -0.281211
      vertex -0.059382 -0.396677 -0.298532
    endloop
  endfacet
  facet normal 0.064803 0.750259 0.657960
    outer loop
      vertex -0.068975 -0.353553 -0.346760
      vertex -0.059382 -0.396677 -0.298532
      vertex -0.000000 -0.353553 -0.353553
    endloop
  endfacet
  facet normal 0.064803 0.750259 0.657960
    outer loop
      vertex -0.000000 -0.353553 -0.353553
      vertex -0.059382 -0.396677 -0.298532
      vertex -0.000000 -0.396677 -0.304381
    endloop
  endfacet
  facet normal -0.064803 0.750259 0.657960
    outer loop
      vertex -0.000000 -0.353553 -0.353553
      vertex -0.000000 -0.396677 -0.304381
      vertex 0.068975 -0.353553 -0.346760
    endloop
  endfacet
  facet normal -0.064803 0.750259 0.657960
    outer loop
      vertex 0.068975 -0.353553 -0.346760
      vertex -0.000000 -0.396677 -0.304381
      vertex 0.059382 -0.396677 -0.298532
    endloop
  endfacet
  facet normal -0.191920 0.750259 0.632675
    outer loop
      vertex 0.068975 -0.353553 -0.346760
      vertex 0.059382 -0.396677 -0.298532
      vertex 0.135299 -0.353553 -0.326641
    endloop
  endfacet
  facet normal -0.191920 0.750259 0.632675
    outer loop
      vertex 0.135299 -0.353553 -0.326641
      vertex 0.059382 -0.396677 -0.298532
      vertex 0.116481 -0.396677 -0.281211
    endloop
  endfacet
  facet normal -0.311661 0.750259 0.583077
    outer loop
      vertex 0.135299 -0.353553 -0.326641
      vertex 0.116481 -0.396677 -0.281211
      vertex 0.196424 -0.353553 -0.293969
    endloop
  endfacet
  facet normal -0.311661 0.750259 0.583077
    outer loop
      vertex 0.196424 -0.353553 -0.293969
      vertex 0.116481 -0.396677 -0.281211
      vertex 0.169105 -0.396677 -0.253083
    endloop
  endfacet
  facet normal -0.419425 0.750259 0.511071
    outer loop
      vertex 0.196424 -0.353553 -0.293969
      vertex 0.169105 -0.396677 -0.253083
      vertex 0.250000 -0.353553 -0.250000
    endloop
  endfacet
  facet normal -0.419425 0.750259 0.511071
    outer loop
      vertex 0.250000 -0.353553 -0.250000
      vertex 0.169105 -0.396677 -0.253083
      vertex 0.215230 -0.396677 -0.215230
    endloop
  endfacet
  facet normal -0.511071 0.750259 0.419425
    outer loop
      vertex 0.250000 -0.353553 -0.250000
      vertex 0.215230 -0.396677 -0.215230
      vertex 0.293969 -0.353553 -0.196424
    endloop
  endfacet
  facet normal -0.511071 0.750259 0.419425
    outer loop
      vertex 0.293969 -0.353553 -0.196424
      vertex 0.215230 -0.396677 -0.215230
      vertex 0.253083 -0.396677 -0.169105
    endloop
  endfacet
  facet normal -0.583077 0.750259 0.311661
    outer loop
      vertex 0.293969 -0.353553 -0.196424
      vertex 0.253083 -0.396677 -0.169105
      vertex 0.326641 -0.353553 -0.135299
    endloop
  endfacet
  facet normal -0.583077 0.750259 0.311661
    outer loop
      vertex 0.326641 -0.353553 -0.135299
      vertex 0.253083 -0.396677 -0.169105
      vertex 0.281211 -0.396677 -0.116481
    endloop
  endfacet
  facet normal -0.632675 0.750259 0.191920
    outer loop
      vertex 0.326641 -0.353553 -0.135299
      vertex 0.281211 -0.396677 -0.116481
      vertex 0.346760 -0.353553 -0.068975
    endloop
  endfacet
  facet normal -0.632675 0.750259 0.191920
    outer loop
      vertex 0.346760 -0.353553 -0.068975
      vertex 0.281211 -0.396677 -0.116481
      vertex 0.298532 -0.396677 -0.059382
    endloop
  endfacet
  facet normal -0.657960 0.750259 0.064803
    outer loop
      vertex 0.346760 -0.353553 -0.068975
      vertex 0.298532 -0.396677 -0.059382
      vertex 0.353553 -0.353553 -0.000000
    endloop
  endfacet
  facet normal -0.657960 0.750259 0.064803
    outer loop
      vertex 0.353553 -0.353553 -0.000000
      vertex 0.298532 -0.396677 -0.059382
      vertex 0.304381 -0.396677 -0.000000
    endloop
  endfacet
  facet normal -0.554740 0.830228 -0.054637
    outer loop
      vertex 0.304381 -0.396677 0.000000
      vertex 0.250000 -0.433013 0.000000
      vertex 0.298532 -0.396677 0.059382
    endloop
  endfacet
  facet normal -0.554740 0.830228 -0.054637
    outer loop
      vertex 0.298532 -0.396677 0.059382
      vertex 0.250000 -0.433013 0.000000
      vertex 0.245196 -0.433013 0.048773
    endloop
  endfacet
  facet normal -0.533422 0.830228 -0.161812
    outer loop
      vertex 0.298532 -0.396677 0.059382
      vertex 0.245196 -0.433013 0.048773
      vertex 0.281211 -0.396677 0.116481
    endloop
  endfacet
  facet normal -0.533422 0.830228 -0.161812
    outer loop
      vertex 0.281211 -0.396677 0.116481
      vertex 0.245196 -0.433013 0.048773
      vertex 0.230970 -0.433013 0.095671
    endloop
  endfacet
  facet normal -0.491605 0.830228 -0.262768
    outer loop
      vertex 0.281211 -0.396677 0.116481
      vertex 0.230970 -0.433013 0.095671
      vertex 0.253083 -0.396677 0.169105
    endloop
  endfacet
  facet normal -0.491605 0.830228 -0.262768
    outer loop
      vertex 0.253083 -0.396677 0.169105
      vertex 0.230970 -0.433013 0.095671
      vertex 0.207867 -0.433013 0.138893
    endloop
  endfacet
  facet normal -0.430895 0.830228 -0.353626
    outer loop
      vertex 0.253083 -0.396677 0.169105
      vertex 0.207867 -0.433013 0.138893
      vertex 0.215230 -0.396677 0.215230
    endloop
  endfacet
  facet normal -0.430895 0.830228 -0.353626
    outer loop
      vertex 0.215230 -0.396677 0.215230
      vertex 0.207867 -0.433013 0.138893
      vertex 0.176777 -0.433013 0.176777
    endloop
  endfacet
  facet normal -0.353626 0.830228 -0.430895
    outer loop
      vertex 0.215230 -0.396677 0.215230
      vertex 0.176777 -0.433013 0.176777
      vertex 0.169105 -0.396677 0.253083
    endloop
  endfacet
  facet normal -0.353626 0.830228 -0.430895
    outer loop
      vertex 0.169105 -0.396677 0.253083
      vertex 0.176777 -0.433013 0.176777
      vertex 0.138893 -0.433013 0.207867
    endloop
  endfacet
  facet normal -0.262768 0.830228 -0.491605
    outer loop
      vertex 0.169105 -0.396677 0.253083
      vertex 0.138893 -0.433013 0.207867
      vertex 0.116481 -0.396677 0.281211
    endloop
  endfacet
  facet normal -0.262768 0.830228 -0.491605
    outer loop
      vertex 0.116481 -0.396677 0.281211
      vertex 0.138893 -0.433013 0.207867
      vertex 0.095671 -0.433013 0.230970
    endloop
  endfacet
  facet normal -0.161812 0.830228 -0.533422
    outer loop
      vertex 0.116481 -0.396677 0.281211
      vertex 0.095671 -0.433013 0.230970
      vertex 0.059382 -0.396677 0.298532
    endloop
  endfacet
  facet normal -0.161812 0.830228 -0.533422
    outer loop
      vertex 0.059382 -0.396677 0.298532
      vertex 0.095671 -0.433013 0.230970
      vertex 0.048773 -0.433013 0.245196
    endloop
  endfacet
  facet normal -0.054637 0.830228 -0.554740
    outer loop
      vertex 0.059382 -0.396677 0.298532
      vertex 0.048773 -0.433013 0.245196
      vertex 0.000000 -0.396677 0.304381
    endloop
  endfacet
  facet normal -0.054637 0.830228 -0.554740
    outer loop
      vertex 0.000000 -0.396677 0.304381
      vertex 0.048773 -0.433013 0.245196
      vertex 0.000000 -0.433013 0.250000
    endloop
  endfacet
  facet normal 0.054637 0.830228 -0.554740
    outer loop
      vertex 0.000000 -0.396677 0.304381
      vertex 0.000000 -0.433013 0.250000
      vertex -0.059382 -0.396677 0.298532
    endloop
  endfacet
  facet normal 0.054637 0.830228 -0.554740
    outer loop
      vertex -0.059382 -0.396677 0.298532
      vertex 0.000000 -0.433013 0.250000
      vertex -0.048773 -0.433013 0.245196
    endloop
  endfacet
  facet normal 0.161812 0.830228 -0.533422
    outer loop
      vertex -0.059382 -0.396677 0.298532
      vertex -0.048773 -0.433013 0.245196
      vertex -0.116481 -0.396677 0.281211
    endloop
  endfacet
  facet normal 0.161812 0.830228 -0.533422
    outer loop
      vertex -0.116481 -0.396677 0.281211
      vertex -0.048773 -0.433013 0.245196
      vertex -0.095671 -0.433013 0.230970
    endloop
  endfacet
  facet normal 0.262768 0.830228 -0.491605
    outer loop
      vertex -0.116481 -0.396677 0.281211
      vertex -0.095671 -0.433013 0.230970
      vertex -0.169105 -0.396677 0.253083
    endloop
  endfacet
  facet normal 0.262768 0.830228 -0.491605
    outer loop
      vertex -0.169105 -0.396677 0.253083
      vertex -0.095671 -0.433013 0.230970
      vertex -0.138893 -0.433013 0.207867
    endloop
  endfacet
  facet normal 0.353626 0.830228 -0.430895
    outer loop
      vertex -0.169105 -0.396677 0.253083
      vertex -0.138893 -0.433013 0.207867
      vertex -0.215230 -0.396677 0.215230
    endloop
  endfacet
  facet normal 0.353626 0.830228 -0.430895
    outer loop
      vertex -0.215230 -0.396677 0.215230
      vertex -0.138893 -0.433013 0.207867
      vertex -0.176777 -0.433013 0.176777
    endloop
  endfacet
  facet normal 0.430895 0.830228 -0.353626
    outer loop
      vertex -0.215230 -0.396677 0.215230
      vertex -0.176777 -0.433013 0.176777
      vertex -0.253083 -0.396677 0.169105
    endloop
  endfacet
  facet normal 0.430895 0.830228 -0.353626
    outer loop
      vertex -0.253083 -0.396677 0.169105
      vertex -0.176777 -0.433013 0.176777
      vertex -0.207867 -0.433013 0.138893
    endloop
  endfacet
  facet normal 0.491605 0.830228 -0.262768
    outer loop
      vertex -0.253083 -0.396677 0.169105
      vertex -0.207867 -0.433013 0.138893
      vertex -0.281211 -0.396677 0.116481
    endloop
  endfacet
  facet normal 0.491605 0.830228 -0.262768
    outer loop
      vertex -0.281211 -0.396677 0.116481
      vertex -0.207867 -0.433013 0.138893
      vertex -0.230970 -0.433013 0.095671
    endloop
  endfacet
  facet normal 0.533422 0.830228 -0.161812
    outer loop
      vertex -0.281211 -0.396677 0.116481
      vertex -0.230970 -0.433013 0.095671
      vertex -0.298532 -0.396677 0.059382
    endloop
  endfacet
  facet normal 0.533422 0.830228 -0.161812
    outer loop
      vertex -0.298532 -0.396677 0.059382
      vertex -0.230970 -0.433013 0.095671
      vertex -0.245196 -0.433013 0.048773
    endloop
  endfacet
  facet normal 0.554740 0.830228 -0.054637
    outer loop
      vertex -0.298532 -0.396677 0.059382
      vertex -0.245196 -0.433013 0.048773
      vertex -0.304381 -0.396677 0.000000
    endloop
  endfacet
  facet normal 0.554740 0.830228 -0.054637
    outer loop
      vertex -0.304381 -0.396677 0.000000
      vertex -0.245196 -0.433013 0.048773
      vertex -0.250000 -0.433013 0.000000
    endloop
  endfacet
  facet normal 0.554740 0.830228 0.054637
    outer loop
      vertex -0.304381 -0.396677 0.000000
      vertex -0.250000 -0.433013 0.000000
      vertex -0.298532 -0.396677 -0.059382
    endloop
  endfacet
  facet normal 0.554740 0.830228 0.054637
    outer loop
      vertex -0.298532 -0.396677 -0.059382
      vertex -0.250000 -0.433013 0.000000
      vertex -0.245196 -0.433013 -0.048773
    endloop
  endfacet
  facet normal 0.533422 0.830228 0.161812
    outer loop
      vertex -0.298532 -0.396677 -0.059382
      vertex -0.245196 -0.433013 -0.048773
      vertex -0.281211 -0.396677 -0.116481
    endloop
  endfacet
  facet normal 0.533422 0.830228 0.161812
    outer loop
      vertex -0.281211 -0.396677 -0.116481
      vertex -0.245196 -0.433013 -0.048773
      vertex -0.230970 -0.433013 -0.095671
    endloop
  endfacet
  facet normal 0.491605 0.830228 0.262768
    outer loop
      vertex -0.281211 -0.396677 -0.116481
      vertex -0.230970 -0.433013 -0.095671
      vertex -0.253083 -0.396677 -0.169105
    endloop
  endfacet
  facet normal 0.491605 0.830228 0.262768
    outer loop
      vertex -0.253083 -0.396677 -0.169105
      vertex -0.230970 -0.433013 -0.095671
      vertex -0.207867 -0.433013 -0.138893
    endloop
  endfacet
  facet normal 0.430895 0.830228 0.353626
    outer loop
      vertex -0.253083 -0.396677 -0.169105
      vertex -0.207867 -0.433013 -0.138893
      vertex -0.215230 -0.396677 -0.215230
    endloop
  endfacet
  facet normal 0.430895 0.830228 0.353626
    outer loop
      vertex -0.215230 -0.396677 -0.215230
      vertex -0.207867 -0.433013 -0.138893
      vertex -0.176777 -0.433013 -0.176777
    endloop
  endfacet
  facet normal 0.353626 0.830228 0.430895
    outer loop
      vertex -0.215230 -0.396677 -0.215230
      vertex -0.176777 -0.433013 -0.176777
      vertex -0.169105 -0.396677 -0.253083
    endloop
  endfacet
  facet normal 0.353626 0.830228 0.430895
    outer loop
      vertex -0.169105 -0.396677 -0.253083
      vertex -0.176777 -0.433013 -0.176777
      vertex -0.138893 -0.433013 -0.207867
    endloop
  endfacet
  facet normal 0.262768 0.830228 0.491605
    outer loop
      vertex -0.169105 -0.396677 -0.253083
      vertex -0.138893 -0.433013 -0.207867
      vertex -0.116481 -0.396677 -0.281211
    endloop
  endfacet
  facet normal 0.262768 0.830228 0.491605
    outer loop
      vertex -0.116481 -0.396677 -0.281211
      vertex -0.138893 -0.433013 -0.207867
      vertex -0.095671 -0.433013 -0.230970
    endloop
  endfacet
  facet normal 0.161812 0.830228 0.533422
    outer loop
      vertex -0.116481 -0.396677 -0.281211
      vertex -0.095671 -0.433013 -0.230970
      vertex -0.059382 -0.396677 -0.298532
    endloop
  endfacet
  facet normal 0.161812 0.830228 0.533422
    outer loop
      vertex -0.059382 -0.396677 -0.298532
      vertex -0.095671 -0.433013 -0.230970
      vertex -0.048773 -0.433013 -0.245196
    endloop
  endfacet
  facet normal 0.054637 0.830228 0.554740
    outer loop
      vertex -0.059382 -0.396677 -0.298532
      vertex -0.048773 -0.433013 -0.245196
      vertex -0.000000 -0.396677 -0.304381
    endloop
  endfacet
  facet normal 0.054637 0.830228 0.554740
    outer loop
      vertex -0.000000 -0.396677 -0.304381
      vertex -0.048773 -0.433013 -0.245196
      vertex -0.000000 -0.433013 -0.250000
    endloop
  endfacet
  facet normal -0.054637 0.830228 0.554740
    outer loop
      vertex -0.000000 -0.396677 -0.304381
      vertex -0.000000 -0.433013 -0.250000
      vertex 0.059382 -0.396677 -0.298532
    endloop
  endfacet
  facet normal -0.054637 0.830228 0.554740
    outer loop
      vertex 0.059382 -0.396677 -0.298532
      vertex -0.000000 -0.433013 -0.250000
      vertex 0.048773 -0.433013 -0.245196
    endloop
  endfacet
  facet normal -0.161812 0.830228 0.533422
    outer loop
      vertex 0.059382 -0.396677 -0.298532
      vertex 0.048773 -0.433013 -0.245196
      vertex 0.116481 -0.396677 -0.281211
    endloop
  endfacet
  facet normal -0.161812 0.830228 0.533422
    outer loop
      vertex 0.116481 -0.396677 -0.281211
      vertex 0.048773 -0.433013 -0.245196
      vertex 0.095671 -0.433013 -0.230970
    endloop
  endfacet
  facet normal -0.262768 0.830228 0.491605
    outer loop
      vertex 0.116481 -0.396677 -0.281211
      vertex 0.095671 -0.433013 -0.230970
      vertex 0.169105 -0.396677 -0.253083
    endloop
  endfacet
  facet normal -0.262768 0.830228 0.491605
    outer loop
      vertex 0.169105 -0.396677 -0.253083
      vertex 0.095671 -0.433013 -0.230970
      vertex 0.138893 -0.433013 -0.207867
    endloop
  endfacet
  facet normal -0.353626 0.830228 0.430895
    outer loop
      vertex 0.169105 -0.396677 -0.253083
      vertex 0.138893 -0.433013 -0.207867
      vertex 0.215230 -0.396677 -0.215230
    endloop
  endfacet
  facet normal -0.353626 0.830228 0.430895
    outer loop
      vertex 0.215230 -0.396677 -0.215230
      vertex 0.138893 -0.433013 -0.207867
      vertex 0.176777 -0.433013 -0.176777
    endloop
  endfacet
  facet normal -0.430895 0.830228 0.353626
    outer loop
      vertex 0.215230 -0.396677 -0.215230
      vertex 0.176777 -0.433013 -0.176777
      vertex 0.253083 -0.396677 -0.169105
    endloop
  endfacet
  facet normal -0.430895 0.830228 0.353626
    outer loop
      vertex 0.253083 -0.396677 -0.169105
      vertex 0.176777 -0.433013 -0.176777
      vertex 0.207867 -0.433013 -0.138893
    endloop
  endfacet
  facet normal -0.491605 0.830228 0.262768
    outer loop
      vertex 0.253083 -0.396677 -0.169105
      vertex 0.207867 -0.433013 -0.138893
      vertex 0.281211 -0.396677 -0.116481
    endloop
  endfacet
  facet normal -0.491605 0.830228 0.262768
    outer loop
      vertex 0.281211 -0.396677 -0.116481
      vertex 0.207867 -0.433013 -0.138893
      vertex 0.230970 -0.433013 -0.095671
    endloop
  endfacet
  facet normal -0.533422 0.830228 0.161812
    outer loop
      vertex 0.281211 -0.396677 -0.116481
      vertex 0.230970 -0.433013 -0.095671
      vertex 0.298532 -0.396677 -0.059382
    endloop
  endfacet
  facet normal -0.533422 0.830228 0.161812
    outer loop
      vertex 0.298532 -0.396677 -0.059382
      vertex 0.230970 -0.433013 -0.095671
      vertex 0.245196 -0.433013 -0.048773
    endloop
  endfacet
  facet normal -0.554740 0.830228 0.054637
    outer loop
      vertex 0.298532 -0.396677 -0.059382
      vertex 0.245196 -0.433013 -0.048773
      vertex 0.304381 -0.396677 -0.000000
    endloop
  endfacet
  facet normal -0.554740 0.830228 0.054637
    outer loop
      vertex 0.304381 -0.396677 -0.000000
      vertex 0.245196 -0.433013 -0.048773
      vertex 0.250000 -0.433013 -0.000000
    endloop
  endfacet
  facet normal -0.441870 0.896023 -0.043520
    outer loop
      vertex 0.250000 -0.433013 0.000000
      vertex 0.191342 -0.461940 0.000000
      vertex 0.245196 -0.433013 0.048773
    endloop
  endfacet
  facet normal -0.441870 0.896023 -0.043520
    outer loop
      vertex 0.245196 -0.433013 0.048773
      vertex 0.191342 -0.461940 0.000000
      vertex 0.187665 -0.461940 0.037329
    endloop
  endfacet
  facet normal -0.424889 0.896023 -0.128889
    outer loop
      vertex 0.245196 -0.433013 0.048773
      vertex 0.187665 -0.461940 0.037329
      vertex 0.230970 -0.433013 0.095671
    endloop
  endfacet
  facet normal -0.424889 0.896023 -0.128889
    outer loop
      vertex 0.230970 -0.433013 0.095671
      vertex 0.187665 -0.461940 0.037329
      vertex 0.176777 -0.461940 0.073223
    endloop
  endfacet
  facet normal -0.391580 0.896023 -0.209304
    outer loop
      vertex 0.230970 -0.433013 0.095671
      vertex 0.176777 -0.461940 0.073223
      vertex 0.207867 -0.433013 0.138893
    endloop
  endfacet
  facet normal -0.391580 0.896023 -0.209304
    outer loop
      vertex 0.207867 -0.433013 0.138893
      vertex 0.176777 -0.461940 0.073223
      vertex 0.159095 -0.461940 0.106304
    endloop
  endfacet
  facet normal -0.343223 0.896023 -0.281675
    outer loop
      vertex 0.207867 -0.433013 0.138893
      vertex 0.159095 -0.461940 0.106304
      vertex 0.176777 -0.433013 0.176777
    endloop
  endfacet
  facet normal -0.343223 0.896023 -0.281675
    outer loop
      vertex 0.176777 -0.433013 0.176777
      vertex 0.159095 -0.461940 0.106304
      vertex 0.135299 -0.461940 0.135299
    endloop
  endfacet
  facet normal -0.281675 0.896023 -0.343223
    outer loop
      vertex 0.176777 -0.433013 0.176777
      vertex 0.135299 -0.461940 0.135299
      vertex 0.138893 -0.433013 0.207867
    endloop
  endfacet
  facet normal -0.281675 0.896023 -0.343223
    outer loop
      vertex 0.138893 -0.433013 0.207867
      vertex 0.135299 -0.461940 0.135299
      vertex 0.106304 -0.461940 0.159095
    endloop
  endfacet
  facet normal -0.209304 0.896023 -0.391580
    outer loop
      vertex 0.138893 -0.433013 0.207867
      vertex 0.106304 -0.461940 0.159095
      vertex 0.095671 -0.433013 0.230970
    endloop
  endfacet
  facet normal -0.209304 0.896023 -0.391580
    outer loop
      vertex 0.095671 -0.433013 0.230970
      vertex 0.106304 -0.461940 0.159095
      vertex 0.073223 -0.461940 0.176777
    endloop
  endfacet
  facet normal -0.128889 0.896023 -0.424889
    outer loop
      vertex 0.095671 -0.433013 0.230970
      vertex 0.073223 -0.461940 0.176777
      vertex 0.048773 -0.433013 0.245196
    endloop
  endfacet
  facet normal -0.128889 0.896023 -0.424889
    outer loop
      vertex 0.048773 -0.433013 0.245196
      vertex 0.073223 -0.461940 0.176777
      vertex 0.037329 -0.461940 0.187665
    endloop
  endfacet
  facet normal -0.043520 0.896023 -0.441870
    outer loop
      vertex 0.048773 -0.433013 0.245196
      vertex 0.037329 -0.461940 0.187665
      vertex 0.000000 -0.433013 0.250000
    endloop
  endfacet
  facet normal -0.043520 0.896023 -0.441870
    outer loop
      vertex 0.000000 -0.433013 0.250000
      vertex 0.037329 -0.461940 0.187665
      vertex 0.000000 -0.461940 0.191342
    endloop
  endfacet
  facet normal 0.043520 0.896023 -0.441870
    outer loop
      vertex 0.000000 -0.433013 0.250000
      vertex 0.000000 -0.461940 0.191342
      vertex -0.048773 -0.433013 0.245196
    endloop
  endfacet
  facet normal 0.043520 0.896023 -0.441870
    outer loop
      vertex -0.048773 -0.433013 0.245196
      vertex 0.000000 -0.461940 0.191342
      vertex -0.037329 -0.461940 0.187665
    endloop
  endfacet
  facet normal 0.128889 0.896023 -0.424889
    outer loop
      vertex -0.048773 -0.433013 0.245196
      vertex -0.037329 -0.461940 0.187665
      vertex -0.095671 -0.433013 0.230970
    endloop
  endfacet
  facet normal 0.128889 0.896023 -0.424889
    outer loop
      vertex -0.095671 -0.433013 0.230970
      vertex -0.037329 -0.461940 0.187665
      vertex -0.073223 -0.461940 0.176777
    endloop
  endfacet
  facet normal 0.209304 0.896023 -0.391580
    outer loop
      vertex -0.095671 -0.433013 0.230970
      vertex -0.073223 -0.461940 0.176777
      vertex -0.138893 -0.433013 0.207867
    endloop
  endfacet
  facet normal 0.209304 0.896023 -0.391580
    outer loop
      vertex -0.138893 -0.433013 0.207867
      vertex -0.073223 -0.461940 0.176777
      vertex -0.106304 -0.461940 0.159095
    endloop
  endfacet
  facet normal 0.281675 0.896023 -0.343223
    outer loop
      vertex -0.138893 -0.433013 0.207867
      vertex -0.106304 -0.461940 0.159095
      vertex -0.176777 -0.433013 0.176777
    endloop
  endfacet
  facet normal 0.281675 0.896023 -0.343223
    outer loop
      vertex -0.176777 -0.433013 0.176777
      vertex -0.106304 -0.461940 0.159095
      vertex -0.135299 -0.461940 0.135299
    endloop
  endfacet
  facet normal 0.343223 0.896023 -0.281675
    outer loop
      vertex -0.176777 -0.433013 0.176777
      vertex -0.135299 -0.461940 0.135299
      vertex -0.207867 -0.433013 0.138893
    endloop
  endfacet
  facet normal 0.343223 0.896023 -0.281675
    outer loop
      vertex -0.207867 -0.433013 0.138893
      vertex -0.135299 -0.461940 0.135299
      vertex -0.159095 -0.461940 0.106304
    endloop
  endfacet
  facet normal 0.391580 0.896023 -0.209304
    outer loop
      vertex -0.207867 -0.433013 0.138893
      vertex -0.159095 -0.461940 0.106304
      vertex -0.230970 -0.433013 0.095671
    endloop
  endfacet
  facet normal 0.391580 0.896023 -0.209304
    outer loop
      vertex -0.230970 -0.433013 0.095671
      vertex -0.159095 -0.461940 0.106304
      vertex -0.176777 -0.461940 0.073223
    endloop
  endfacet
  facet normal 0.424889 0.896023 -0.128889
    outer loop
      vertex -0.230970 -0.433013 0.095671
      vertex -0.176777 -0.461940 0.073223
      vertex -0.245196 -0.433013 0.048773
    endloop
  endfacet
  facet normal 0.424889 0.896023 -0.128889
    outer loop
      vertex -0.245196 -0.433013 0.048773
      vertex -0.176777 -0.461940 0.073223
      vertex -0.187665 -0.461940 0.037329
    endloop
  endfacet
  facet normal 0.441870 0.896023 -0.043520
    outer loop
      vertex -0.245196 -0.433013 0.048773
      vertex -0.187665 -0.461940 0.037329
      vertex -0.250000 -0.433013 0.000000
    endloop
  endfacet
  facet normal 0.441870 0.896023 -0.043520
    outer loop
      vertex -0.250000 -0.433013 0.000000
      vertex -0.187665 -0.461940 0.037329
      vertex -0.191342 -0.461940 0.000000
    endloop
  endfacet
  facet normal 0.441870 0.896023 0.043520
    outer loop
      vertex -0.250000 -0.433013 0.000000
      vertex -0.191342 -0.461940 0.000000
      vertex -0.245196 -0.433013 -0.048773
    endloop
  endfacet
  facet normal 0.441870 0.896023 0.043520
    outer loop
      vertex -0.245196 -0.433013 -0.048773
      vertex -0.191342 -0.461940 0.000000
      vertex -0.187665 -0.461940 -0.037329
    endloop
  endfacet
  facet normal 0.424889 0.896023 0.128889
    outer loop
      vertex -0.245196 -0.433013 -0.048773
      vertex -0.187665 -0.461940 -0.037329
      vertex -0.230970 -0.433013 -0.095671
    endloop
  endfacet
  facet normal 0.424889 0.896023 0.128889
    outer loop
      vertex -0.230970 -0.433013 -0.095671
      vertex -0.187665 -0.461940 -0.037329
      vertex -0.176777 -0.461940 -0.073223
    endloop
  endfacet
  facet normal 0.391580 0.896023 0.209304
    outer loop
      vertex -0.230970 -0.433013 -0.095671
      vertex -0.176777 -0.461940 -0.073223
      vertex -0.207867 -0.433013 -0.138893
    endloop
  endfacet
  facet normal 0.391580 0.896023 0.209304
    outer loop
      vertex -0.207867 -0.433013 -0.138893
      vertex -0.176777 -0.461940 -0.073223
      vertex -0.159095 -0.461940 -0.106304
    endloop
  endfacet
  facet normal 0.343223 0.896023 0.281675
    outer loop
      vertex -0.207867 -0.433013 -0.138893
      vertex -0.159095 -0.461940 -0.106304
      vertex -0.176777 -0.433013 -0.176777
    endloop
  endfacet
  facet normal 0.343223 0.896023 0.281675
    outer loop
      vertex -0.176777 -0.433013 -0.176777
      vertex -0.159095 -0.461940 -0.106304
      vertex -0.135299 -0.461940 -0.135299
    endloop
  endfacet
  facet normal 0.281675 0.896023 0.343223
    outer loop
      vertex -0.176777 -0.433013 -0.176777
      vertex -0.135299 -0.461940 -0.135299
      vertex -0.138893 -0.433013 -0.207867
    endloop
  endfacet
  facet normal 0.281675 0.896023 0.343223
    outer loop
      vertex -0.138893 -0.433013 -0.207867
      vertex -0.135299 -0.461940 -0.135299
      vertex -0.106304 -0.461940 -0.159095
    endloop
  endfacet
  facet normal 0.209304 0.896023 0.391580
    outer loop
      vertex -0.138893 -0.433013 -0.207867
      vertex -0.106304 -0.461940 -0.159095
      vertex -0.095671 -0.433013 -0.230970
    endloop
  endfacet
  facet normal 0.209304 0.896023 0.391580
    outer loop
      vertex -0.095671 -0.433013 -0.230970
      vertex -0.106304 -0.461940 -0.159095
      vertex -0.073223 -0.461940 -0.176777
    endloop
  endfacet
  facet normal 0.128889 0.896023 0.424889
    outer loop
      vertex -0.095671 -0.433013 -0.230970
      vertex -0.073223 -0.461940 -0.176777
      vertex -0.048773 -0.433013 -0.245196
    endloop
  endfacet
  facet normal 0.128889 0.896023 0.424889
    outer loop
      vertex -0.048773 -0.433013 -0.245196
      vertex -0.073223 -0.461940 -0.176777
      vertex -0.037329 -0.461940 -0.187665
    endloop
  endfacet
  facet normal 0.043520 0.896023 0.441870
    outer loop
      vertex -0.048773 -0.433013 -0.245196
      vertex -0.037329 -0.461940 -0.187665
      vertex -0.000000 -0.433013 -0.250000
    endloop
  endfacet
  facet normal 0.043520 0.896023 0.441870
    outer loop
      vertex -0.000000 -0.433013 -0.250000
      vertex -0.037329 -0.461940 -0.187665
      vertex -0.000000 -0.461940 -0.191342
    endloop
  endfacet
  facet normal -0.043520 0.896023 0.441870
    outer loop
      vertex -0.000000 -0.433013 -0.250000
      vertex -0.000000 -0.461940 -0.191342
      vertex 0.048773 -0.433013 -0.245196
    endloop
  endfacet
  facet normal -0.043520 0.896023 0.441870
    outer loop
      vertex 0.048773 -0.433013 -0.245196
      vertex -0.000000 -0.461940 -0.191342
      vertex 0.037329 -0.461940 -0.187665
    endloop
  endfacet
  facet normal -0.128889 0.896023 0.424889
    outer loop
      vertex 0.048773 -0.433013 -0.245196
      vertex 0.037329 -0.461940 -0.187665
      vertex 0.095671 -0.433013 -0.230970
    endloop
  endfacet
  facet normal -0.128889 0.896023 0.424889
    outer loop
      vertex 0.095671 -0.433013 -0.230970
      vertex 0.037329 -0.461940 -0.187665
      vertex 0.073223 -0.461940 -0.176777
    endloop
  endfacet
  facet normal -0.209304 0.896023 0.391580
    outer loop
      vertex 0.095671 -0.433013 -0.230970
      vertex 0.073223 -0.461940 -0.176777
      vertex 0.138893 -0.433013 -0.207867
    endloop
  endfacet
  facet normal -0.209304 0.896023 0.391580
    outer loop
      vertex 0.138893 -0.433013 -0.207867
      vertex 0.073223 -0.461940 -0.176777
      vertex 0.106304 -0.461940 -0.159095
    endloop
  endfacet
  facet normal -0.281675 0.896023 0.343223
    outer loop
      vertex 0.138893 -0.433013 -0.207867
      vertex 0.106304 -0.461940 -0.159095
      vertex 0.176777 -0.433013 -0.176777
    endloop
  endfacet
  facet normal -0.281675 0.896023 0.343223
    outer loop
      vertex 0.176777 -0.433013 -0.176777
      vertex 0.106304 -0.461940 -0.159095
      vertex 0.135299 -0.461940 -0.135299
    endloop
  endfacet
  facet normal -0.343223 0.896023 0.281675
    outer loop
      vertex 0.176777 -0.433013 -0.176777
      vertex 0.135299 -0.461940 -0.135299
      vertex 0.207867 -0.433013 -0.138893
    endloop
  endfacet
  facet normal -0.343223 0.896023 0.281675
    outer loop
      vertex 0.207867 -0.433013 -0.138893
      vertex 0.135299 -0.461940 -0.135299
      vertex 0.159095 -0.461940 -0.106304
    endloop
  endfacet
  facet normal -0.391580 0.896023 0.209304
    outer loop
      vertex 0.207867 -0.433013 -0.138893
      vertex 0.159095 -0.461940 -0.106304
      vertex 0.230970 -0.433013 -0.095671
    endloop
  endfacet
  facet normal -0.391580 0.896023 0.209304
    outer loop
      vertex 0.230970 -0.433013 -0.095671
      vertex 0.159095 -0.461940 -0.106304
      vertex 0.176777 -0.461940 -0.073223
    endloop
  endfacet
  facet normal -0.424889 0.896023 0.128889
    outer loop
      vertex 0.230970 -0.433013 -0.095671
      vertex 0.176777 -0.461940 -0.073223
      vertex 0.245196 -0.433013 -0.048773
    endloop
  endfacet
  facet normal -0.424889 0.896023 0.128889
    outer loop
      vertex 0.245196 -0.433013 -0.048773
      vertex 0.176777 -0.461940 -0.073223
      vertex 0.187665 -0.461940 -0.037329
    endloop
  endfacet
  facet normal -0.441870 0.896023 0.043520
    outer loop
      vertex 0.245196 -0.433013 -0.048773
      vertex 0.187665 -0.461940 -0.037329
      vertex 0.250000 -0.433013 -0.000000
    endloop
  endfacet
  facet normal -0.441870 0.896023 0.043520
    outer loop
      vertex 0.250000 -0.433013 -0.000000
      vertex 0.187665 -0.461940 -0.037329
      vertex 0.191342 -0.461940 -0.000000
    endloop
  endfacet
  facet normal -0.321278 0.946456 -0.031643
    outer loop
      vertex 0.191342 -0.461940 0.000000
      vertex 0.129410 -0.482963 0.000000
      vertex 0.187665 -0.461940 0.037329
    endloop
  endfacet
  facet normal -0.321278 0.946456 -0.031643
    outer loop
      vertex 0.187665 -0.461940 0.037329
      vertex 0.129410 -0.482963 0.000000
      vertex 0.126923 -0.482963 0.025247
    endloop
  endfacet
  facet normal -0.308932 0.946456 -0.093713
    outer loop
      vertex 0.187665 -0.461940 0.037329
      vertex 0.126923 -0.482963 0.025247
      vertex 0.176777 -0.461940 0.073223
    endloop
  endfacet
  facet normal -0.308932 0.946456 -0.093713
    outer loop
      vertex 0.176777 -0.461940 0.073223
      vertex 0.126923 -0.482963 0.025247
      vertex 0.119559 -0.482963 0.049523
    endloop
  endfacet
  facet normal -0.284713 0.946456 -0.152182
    outer loop
      vertex 0.176777 -0.461940 0.073223
      vertex 0.119559 -0.482963 0.049523
      vertex 0.159095 -0.461940 0.106304
    endloop
  endfacet
  facet normal -0.284713 0.946456 -0.152182
    outer loop
      vertex 0.159095 -0.461940 0.106304
      vertex 0.119559 -0.482963 0.049523
      vertex 0.107600 -0.482963 0.071896
    endloop
  endfacet
  facet normal -0.249553 0.946456 -0.204803
    outer loop
      vertex 0.159095 -0.461940 0.106304
      vertex 0.107600 -0.482963 0.071896
      vertex 0.135299 -0.461940 0.135299
    endloop
  endfacet
  facet normal -0.249553 0.946456 -0.204803
    outer loop
      vertex 0.135299 -0.461940 0.135299
      vertex 0.107600 -0.482963 0.071896
      vertex 0.091506 -0.482963 0.091506
    endloop
  endfacet
  facet normal -0.204803 0.946456 -0.249553
    outer loop
      vertex 0.135299 -0.461940 0.135299
      vertex 0.091506 -0.482963 0.091506
      vertex 0.106304 -0.461940 0.159095
    endloop
  endfacet
  facet normal -0.204803 0.946456 -0.249553
    outer loop
      vertex 0.106304 -0.461940 0.159095
      vertex 0.091506 -0.482963 0.091506
      vertex 0.071896 -0.482963 0.107600
    endloop
  endfacet
  facet normal -0.152182 0.946456 -0.284713
    outer loop
      vertex 0.106304 -0.461940 0.159095
      vertex 0.071896 -0.482963 0.107600
      vertex 0.073223 -0.461940 0.176777
    endloop
  endfacet
  facet normal -0.152182 0.946456 -0.284713
    outer loop
      vertex 0.073223 -0.461940 0.176777
      vertex 0.071896 -0.482963 0.107600
      vertex 0.049523 -0.482963 0.119559
    endloop
  endfacet
  facet normal -0.093713 0.946456 -0.308932
    outer loop
      vertex 0.073223 -0.461940 0.176777
      vertex 0.049523 -0.482963 0.119559
      vertex 0.037329 -0.461940 0.187665
    endloop
  endfacet
  facet normal -0.093713 0.946456 -0.308932
    outer loop
      vertex 0.037329 -0.461940 0.187665
      vertex 0.049523 -0.482963 0.119559
      vertex 0.025247 -0.482963 0.126923
    endloop
  endfacet
  facet normal -0.031643 0.946456 -0.321278
    outer loop
      vertex 0.037329 -0.461940 0.187665
      vertex 0.025247 -0.482963 0.126923
      vertex 0.000000 -0.461940 0.191342
    endloop
  endfacet
  facet normal -0.031643 0.946456 -0.321278
    outer loop
      vertex 0.000000 -0.461940 0.191342
      vertex 0.025247 -0.482963 0.126923
      vertex 0.000000 -0.482963 0.129410
    endloop
  endfacet
  facet normal 0.031643 0.946456 -0.321278
    outer loop
      vertex 0.000000 -0.461940 0.191342
      vertex 0.000000 -0.482963 0.129410
      vertex -0.037329 -0.461940 0.187665
    endloop
  endfacet
  facet normal 0.031643 0.946456 -0.321278
    outer loop
      vertex -0.037329 -0.461940 0.187665
      vertex 0.000000 -0.482963 0.129410
      vertex -0.025247 -0.482963 0.126923
    endloop
  endfacet
  facet normal 0.093713 0.946456 -0.308932
    outer loop
      vertex -0.037329 -0.461940 0.187665
      vertex -0.025247 -0.482963 0.126923
      vertex -0.073223 -0.461940 0.176777
    endloop
  endfacet
  facet normal 0.093713 0.946456 -0.308932
    outer loop
      vertex -0.073223 -0.461940 0.176777
      vertex -0.025247 -0.482963 0.126923
      vertex -0.049523 -0.482963 0.119559
    endloop
  endfacet
  facet normal 0.152182 0.946456 -0.284713
    outer loop
      vertex -0.073223 -0.461940 0.176777
      vertex -0.049523 -0.482963 0.119559
      vertex -0.106304 -0.461940 0.159095
    endloop
  endfacet
  facet normal 0.152182 0.946456 -0.284713
    outer loop
      vertex -0.106304 -0.461940 0.159095
      vertex -0.049523 -0.482963 0.119559
      vertex -0.071896 -0.482963 0.107600
    endloop
  endfacet
  facet normal 0.204803 0.946456 -0.249553
    outer loop
      vertex -0.106304 -0.461940 0.159095
      vertex -0.071896 -0.482963 0.107600
      vertex -0.135299 -0.461940 0.135299
    endloop
  endfacet
  facet normal 0.204803 0.946456 -0.249553
    outer loop
      vertex -0.135299 -0.461940 0.135299
      vertex -0.071896 -0.482963 0.107600
      vertex -0.091506 -0.482963 0.091506
    endloop
  endfacet
  facet normal 0.249553 0.946456 -0.204803
    outer loop
      vertex -0.135299 -0.461940 0.135299
      vertex -0.091506 -0.482963 0.091506
      vertex -0.159095 -0.461940 0.106304
    endloop
  endfacet
  facet normal 0.249553 0.946456 -0.204803
    outer loop
      vertex -0.159095 -0.461940 0.106304
      vertex -0.091506 -0.482963 0.091506
      vertex -0.107600 -0.482963 0.071896
    endloop
  endfacet
  facet normal 0.284713 0.946456 -0.152182
    outer loop
      vertex -0.159095 -0.461940 0.106304
      vertex -0.107600 -0.482963 0.071896
      vertex -0.176777 -0.461940 0.073223
    endloop
  endfacet
  facet normal 0.284713 0.946456 -0.152182
    outer loop
      vertex -0.176777 -0.461940 0.073223
      vertex -0.107600 -0.482963 0.071896
      vertex -0.119559 -0.482963 0.049523
    endloop
  endfacet
  facet normal 0.308932 0.946456 -0.093713
    outer loop
      vertex -0.176777 -0.461940 0.073223
      vertex -0.119559 -0.482963 0.049523
      vertex -0.187665 -0.461940 0.037329
    endloop
  endfacet
  facet normal 0.308932 0.946456 -0.093713
    outer loop
      vertex -0.187665 -0.461940 0.037329
      vertex -0.119559 -0.482963 0.049523
      vertex -0.126923 -0.482963 0.025247
    endloop
  endfacet
  facet normal 0.321278 0.946456 -0.031643
    outer loop
      vertex -0.187665 -0.461940 0.037329
      vertex -0.126923 -0.482963 0.025247
      vertex -0.191342 -0.461940 0.000000
    endloop
  endfacet
  facet normal 0.321278 0.946456 -0.031643
    outer loop
      vertex -0.191342 -0.461940 0.000000
      vertex -0.126923 -0.482963 0.025247
      vertex -0.129410 -0.482963 0.000000
    endloop
  endfacet
  facet normal 0.321278 0.946456 0.031643
    outer loop
      vertex -0.191342 -0.461940 0.000000
      vertex -0.129410 -0.482963 0.000000
      vertex -0.187665 -0.461940 -0.037329
    endloop
  endfacet
  facet normal 0.321278 0.946456 0.031643
    outer loop
      vertex -0.187665 -0.461940 -0.037329
      vertex -0.129410 -0.482963 0.000000
      vertex -0.126923 -0.482963 -0.025247
    endloop
  endfacet
  facet normal 0.308932 0.946456 0.093713
    outer loop
      vertex -0.187665 -0.461940 -0.037329
      vertex -0.126923 -0.482963 -0.025247
      vertex -0.176777 -0.461940 -0.073223
    endloop
  endfacet
  facet normal 0.308932 0.946456 0.093713
    outer loop
      vertex -0.176777 -0.461940 -0.073223
      vertex -0.126923 -0.482963 -0.025247
      vertex -0.119559 -0.482963 -0.049523
    endloop
  endfacet
  facet normal 0.284713 0.946456 0.152182
    outer loop
      vertex -0.176777 -0.461940 -0.073223
      vertex -0.119559 -0.482963 -0.049523
      vertex -0.159095 -0.461940 -0.106304
    endloop
  endfacet
  facet normal 0.284713 0.946456 0.152182
    outer loop
      vertex -0.159095 -0.461940 -0.106304
      vertex -0.119559 -0.482963 -0.049523
      vertex -0.107600 -0.482963 -0.071896
    endloop
  endfacet
  facet normal 0.249553 0.946456 0.204803
    outer loop
      vertex -0.159095 -0.461940 -0.106304
      vertex -0.107600 -0.482963 -0.071896
      vertex -0.135299 -0.461940 -0.135299
    endloop
  endfacet
  facet normal 0.249553 0.946456 0.204803
    outer loop
      vertex -0.135299 -0.461940 -0.135299
      vertex -0.107600 -0.482963 -0.071896
      vertex -0.091506 -0.482963 -0.091506
    endloop
  endfacet
  facet normal 0.204803 0.946456 0.249553
    outer loop
      vertex -0.135299 -0.461940 -0.135299
      vertex -0.091506 -0.482963 -0.091506
      vertex -0.106304 -0.461940 -0.159095
    endloop
  endfacet
  facet normal 0.204803 0.946456 0.249553
    outer loop
      vertex -0.106304 -0.461940 -0.159095
      vertex -0.091506 -0.482963 -0.091506
      vertex -0.071896 -0.482963 -0.107600
    endloop
  endfacet
  facet normal 0.152182 0.946456 0.284713
    outer loop
      vertex -0.106304 -0.461940 -0.159095
      vertex -0.071896 -0.482963 -0.107600
      vertex -0.073223 -0.461940 -0.176777
    endloop
  endfacet
  facet normal 0.152182 0.946456 0.284713
    outer loop
      vertex -0.073223 -0.461940 -0.176777
      vertex -0.071896 -0.482963 -0.107600
      vertex -0.049523 -0.482963 -0.119559
    endloop
  endfacet
  facet normal 0.093713 0.946456 0.308932
    outer loop
      vertex -0.073223 -0.461940 -0.176777
      vertex -0.049523 -0.482963 -0.119559
      vertex -0.037329 -0.461940 -0.187665
    endloop
  endfacet
  facet normal 0.093713 0.946456 0.308932
    outer loop
      vertex -0.037329 -0.461940 -0.187665
      vertex -0.049523 -0.482963 -0.119559
      vertex -0.025247 -0.482963 -0.126923
    endloop
  endfacet
  facet normal 0.031643 0.946456 0.321278
    outer loop
      vertex -0.037329 -0.461940 -0.187665
      vertex -0.025247 -0.482963 -0.126923
      vertex -0.000000 -0.461940 -0.191342
    endloop
  endfacet
  facet normal 0.031643 0.946456 0.321278
    outer loop
      vertex -0.000000 -0.461940 -0.191342
      vertex -0.025247 -0.482963 -0.126923
      vertex -0.000000 -0.482963 -0.129410
    endloop
  endfacet
  facet normal -0.031643 0.946456 0.321278
    outer loop
      vertex -0.000000 -0.461940 -0.191342
      vertex -0.000000 -0.482963 -0.129410
      vertex 0.037329 -0.461940 -0.187665
    endloop
  endfacet
  facet normal -0.031643 0.946456 0.321278
    outer loop
      vertex 0.037329 -0.461940 -0.187665
      vertex -0.000000 -0.482963 -0.129410
      vertex 0.025247 -0.482963 -0.126923
    endloop
  endfacet
  facet normal -0.093713 0.946456 0.308932
    outer loop
      vertex 0.037329 -0.461940 -0.187665
      vertex 0.025247 -0.482963 -0.126923
      vertex 0.073223 -0.461940 -0.176777
    endloop
  endfacet
  facet normal -0.093713 0.946456 0.308932
    outer loop
      vertex 0.073223 -0.461940 -0.176777
      vertex 0.025247 -0.482963 -0.126923
      vertex 0.049523 -0.482963 -0.119559
    endloop
  endfacet
  facet normal -0.152182 0.946456 0.284713
    outer loop
      vertex 0.073223 -0.461940 -0.176777
      vertex 0.049523 -0.482963 -0.119559
      vertex 0.106304 -0.461940 -0.159095
    endloop
  endfacet
  facet normal -0.152182 0.946456 0.284713
    outer loop
      vertex 0.106304 -0.461940 -0.159095
      vertex 0.049523 -0.482963 -0.119559
      vertex 0.071896 -0.482963 -0.107600
    endloop
  endfacet
  facet normal -0.204803 0.946456 0.249553
    outer loop
      vertex 0.106304 -0.461940 -0.159095
      vertex 0.071896 -0.482963 -0.107600
      vertex 0.135299 -0.461940 -0.135299
    endloop
  endfacet
  facet normal -0.204803 0.946456 0.249553
    outer loop
      vertex 0.135299 -0.461940 -0.135299
      vertex 0.071896 -0.482963 -0.107600
      vertex 0.091506 -0.482963 -0.091506
    endloop
  endfacet
  facet normal -0.249553 0.946456 0.204803
    outer loop
      vertex 0.135299 -0.461940 -0.135299
      vertex 0.091506 -0.482963 -0.091506
      vertex 0.159095 -0.461940 -0.106304
    endloop
  endfacet
  facet normal -0.249553 0.946456 0.204803
    outer loop
      vertex 0.159095 -0.461940 -0.106304
      vertex 0.091506 -0.482963 -0.091506
      vertex 0.107600 -0.482963 -0.071896
    endloop
  endfacet
  facet normal -0.284713 0.946456 0.152182
    outer loop
      vertex 0.159095 -0.461940 -0.106304
      vertex 0.107600 -0.482963 -0.071896
      vertex 0.176777 -0.461940 -0.073223
    endloop
  endfacet
  facet normal -0.284713 0.946456 0.152182
    outer loop
      vertex 0.176777 -0.461940 -0.073223
      vertex 0.107600 -0.482963 -0.071896
      vertex 0.119559 -0.482963 -0.049523
    endloop
  endfacet
  facet normal -0.308932 0.946456 0.093713
    outer loop
      vertex 0.176777 -0.461940 -0.073223
      vertex 0.119559 -0.482963 -0.049523
      vertex 0.187665 -0.461940 -0.037329
    endloop
  endfacet
  facet normal -0.308932 0.946456 0.093713
    outer loop
      vertex 0.187665 -0.461940 -0.037329
      vertex 0.119559 -0.482963 -0.049523
      vertex 0.126923 -0.482963 -0.025247
    endloop
  endfacet
  facet normal -0.321278 0.946456 0.031643
    outer loop
      vertex 0.187665 -0.461940 -0.037329
      vertex 0.126923 -0.482963 -0.025247
      vertex 0.191342 -0.461940 -0.000000
    endloop
  endfacet
  facet normal -0.321278 0.946456 0.031643
    outer loop
      vertex 0.191342 -0.461940 -0.000000
      vertex 0.126923 -0.482963 -0.025247
      vertex 0.129410 -0.482963 -0.000000
    endloop
  endfacet
  facet normal -0.195054 0.980604 -0.019211
    outer loop
      vertex 0.129410 -0.482963 0.000000
      vertex 0.065263 -0.495722 0.000000
      vertex 0.126923 -0.482963 0.025247
    endloop
  endfacet
  facet normal -0.195054 0.980604 -0.019211
    outer loop
      vertex 0.126923 -0.482963 0.025247
      vertex 0.065263 -0.495722 0.000000
      vertex 0.064009 -0.495722 0.012732
    endloop
  endfacet
  facet normal -0.187558 0.980604 -0.056895
    outer loop
      vertex 0.126923 -0.482963 0.025247
      vertex 0.064009 -0.495722 0.012732
      vertex 0.119559 -0.482963 0.049523
    endloop
  endfacet
  facet normal -0.187558 0.980604 -0.056895
    outer loop
      vertex 0.119559 -0.482963 0.049523
      vertex 0.064009 -0.495722 0.012732
      vertex 0.060295 -0.495722 0.024975
    endloop
  endfacet
  facet normal -0.172855 0.980604 -0.092393
    outer loop
      vertex 0.119559 -0.482963 0.049523
      vertex 0.060295 -0.495722 0.024975
      vertex 0.107600 -0.482963 0.071896
    endloop
  endfacet
  facet normal -0.172855 0.980604 -0.092393
    outer loop
      vertex 0.107600 -0.482963 0.071896
      vertex 0.060295 -0.495722 0.024975
      vertex 0.054264 -0.495722 0.036258
    endloop
  endfacet
  facet normal -0.151509 0.980604 -0.124340
    outer loop
      vertex 0.107600 -0.482963 0.071896
      vertex 0.054264 -0.495722 0.036258
      vertex 0.091506 -0.482963 0.091506
    endloop
  endfacet
  facet normal -0.151509 0.980604 -0.124340
    outer loop
      vertex 0.091506 -0.482963 0.091506
      vertex 0.054264 -0.495722 0.036258
      vertex 0.046148 -0.495722 0.046148
    endloop
  endfacet
  facet normal -0.124340 0.980604 -0.151509
    outer loop
      vertex 0.091506 -0.482963 0.091506
      vertex 0.046148 -0.495722 0.046148
      vertex 0.071896 -0.482963 0.107600
    endloop
  endfacet
  facet normal -0.124340 0.980604 -0.151509
    outer loop
      vertex 0.071896 -0.482963 0.107600
      vertex 0.046148 -0.495722 0.046148
      vertex 0.036258 -0.495722 0.054264
    endloop
  endfacet
  facet normal -0.092393 0.980604 -0.172855
    outer loop
      vertex 0.071896 -0.482963 0.107600
      vertex 0.036258 -0.495722 0.054264
      vertex 0.049523 -0.482963 0.119559
    endloop
  endfacet
  facet normal -0.092393 0.980604 -0.172855
    outer loop
      vertex 0.049523 -0.482963 0.119559
      vertex 0.036258 -0.495722 0.054264
      vertex 0.024975 -0.495722 0.060295
    endloop
  endfacet
  facet normal -0.056895 0.980604 -0.187558
    outer loop
      vertex 0.049523 -0.482963 0.119559
      vertex 0.024975 -0.495722 0.060295
      vertex 0.025247 -0.482963 0.126923
    endloop
  endfacet
  facet normal -0.056895 0.980604 -0.187558
    outer loop
      vertex 0.025247 -0.482963 0.126923
      vertex 0.024975 -0.495722 0.060295
      vertex 0.012732 -0.495722 0.064009
    endloop
  endfacet
  facet normal -0.019211 0.980604 -0.195054
    outer loop
      vertex 0.025247 -0.482963 0.126923
      vertex 0.012732 -0.495722 0.064009
      vertex 0.000000 -0.482963 0.129410
    endloop
  endfacet
  facet normal -0.019211 0.980604 -0.195054
    outer loop
      vertex 0.000000 -0.482963 0.129410
      vertex 0.012732 -0.495722 0.064009
      vertex 0.000000 -0.495722 0.065263
    endloop
  endfacet
  facet normal 0.019211 0.980604 -0.195054
    outer loop
      vertex 0.000000 -0.482963 0.129410
      vertex 0.000000 -0.495722 0.065263
      vertex -0.025247 -0.482963 0.126923
    endloop
  endfacet
  facet normal 0.019211 0.980604 -0.195054
    outer loop
      vertex -0.025247 -0.482963 0.126923
      vertex 0.000000 -0.495722 0.065263
      vertex -0.012732 -0.495722 0.064009
    endloop
  endfacet
  facet normal 0.056895 0.980604 -0.187558
    outer loop
      vertex -0.025247 -0.482963 0.126923
      vertex -0.012732 -0.495722 0.064009
      vertex -0.049523 -0.482963 0.119559
    endloop
  endfacet
  facet normal 0.056895 0.980604 -0.187558
    outer loop
      vertex -0.049523 -0.482963 0.119559
      vertex -0.012732 -0.495722 0.064009
      vertex -0.024975 -0.495722 0.060295
    endloop
  endfacet
  facet normal 0.092393 0.980604 -0.172855
    outer loop
      vertex -0.049523 -0.482963 0.119559
      vertex -0.024975 -0.495722 0.060295
      vertex -0.071896 -0.482963 0.107600
    endloop
  endfacet
  facet normal 0.092393 0.980604 -0.172855
    outer loop
      vertex -0.071896 -0.482963 0.107600
      vertex -0.024975 -0.495722 0.060295
      vertex -0.036258 -0.495722 0.054264
    endloop
  endfacet
  facet normal 0.124340 0.980604 -0.151509
    outer loop
      vertex -0.071896 -0.482963 0.107600
      vertex -0.036258 -0.495722 0.054264
      vertex -0.091506 -0.482963 0.091506
    endloop
  endfacet
  facet normal 0.124340 0.980604 -0.151509
    outer loop
      vertex -0.091506 -0.482963 0.091506
      vertex -0.036258 -0.495722 0.054264
      vertex -0.046148 -0.495722 0.046148
    endloop
  endfacet
  facet normal 0.151509 0.980604 -0.124340
    outer loop
      vertex -0.091506 -0.482963 0.091506
      vertex -0.046148 -0.495722 0.046148
      vertex -0.107600 -0.482963 0.071896
    endloop
  endfacet
  facet normal 0.151509 0.980604 -0.124340
    outer loop
      vertex -0.107600 -0.482963 0.071896
      vertex -0.046148 -0.495722 0.046148
      vertex -0.054264 -0.495722 0.036258
    endloop
  endfacet
  facet normal 0.172855 0.980604 -0.092393
    outer loop
      vertex -0.107600 -0.482963 0.071896
      vertex -0.054264 -0.495722 0.036258
      vertex -0.119559 -0.482963 0.049523
    endloop
  endfacet
  facet normal 0.172855 0.980604 -0.092393
    outer loop
      vertex -0.119559 -0.482963 0.049523
      vertex -0.054264 -0.495722 0.036258
      vertex -0.060295 -0.495722 0.024975
    endloop
  endfacet
  facet normal 0.187558 0.980604 -0.056895
    outer loop
      vertex -0.119559 -0.482963 0.049523
      vertex -0.060295 -0.495722 0.024975
      vertex -0.126923 -0.482963 0.025247
    endloop
  endfacet
  facet normal 0.187558 0.980604 -0.056895
    outer loop
      vertex -0.126923 -0.482963 0.025247
      vertex -0.060295 -0.495722 0.024975
      vertex -0.064009 -0.495722 0.012732
    endloop
  endfacet
  facet normal 0.195054 0.980604 -0.019211
    outer loop
      vertex -0.126923 -0.482963 0.025247
      vertex -0.064009 -0.495722 0.012732
      vertex -0.129410 -0.482963 0.000000
    endloop
  endfacet
  facet normal 0.195054 0.980604 -0.019211
    outer loop
      vertex -0.129410 -0.482963 0.000000
      vertex -0.064009 -0.495722 0.012732
      vertex -0.065263 -0.495722 0.000000
    endloop
  endfacet
  facet normal 0.195054 0.980604 0.019211
    outer loop
      vertex -0.129410 -0.482963 0.000000
      vertex -0.065263 -0.495722 0.000000
      vertex -0.126923 -0.482963 -0.025247
    endloop
  endfacet
  facet normal 0.195054 0.980604 0.019211
    outer loop
      vertex -0.126923 -0.482963 -0.025247
      vertex -0.065263 -0.495722 0.000000
      vertex -0.064009 -0.495722 -0.012732
    endloop
  endfacet
  facet normal 0.187558 0.980604 0.056895
    outer loop
      vertex -0.126923 -0.482963 -0.025247
      vertex -0.064009 -0.495722 -0.012732
      vertex -0.119559 -0.482963 -0.049523
    endloop
  endfacet
  facet normal 0.187558 0.980604 0.056895
    outer loop
      vertex -0.119559 -0.482963 -0.049523
      vertex -0.064009 -0.495722 -0.012732
      vertex -0.060295 -0.495722 -0.024975
    endloop
  endfacet
  facet normal 0.172855 0.980604 0.092393
    outer loop
      vertex -0.119559 -0.482963 -0.049523
      vertex -0.060295 -0.495722 -0.024975
      vertex -0.107600 -0.482963 -0.071896
    endloop
  endfacet
  facet normal 0.172855 0.980604 0.092393
    outer loop
      vertex -0.107600 -0.482963 -0.071896
      vertex -0.060295 -0.495722 -0.024975
      vertex -0.054264 -0.495722 -0.036258
    endloop
  endfacet
  facet normal 0.151509 0.980604 0.124340
    outer loop
      vertex -0.107600 -0.482963 -0.071896
      vertex -0.054264 -0.495722 -0.036258
      vertex -0.091506 -0.482963 -0.091506
    endloop
  endfacet
  facet normal 0.151509 0.980604 0.124340
    outer loop
      vertex -0.091506 -0.482963 -0.091506
      vertex -0.054264 -0.495722 -0.036258
      vertex -0.046148 -0.495722 -0.046148
    endloop
  endfacet
  facet normal 0.124340 0.980604 0.151509
    outer loop
      vertex -0.091506 -0.482963 -0.091506
      vertex -0.046148 -0.495722 -0.046148
      vertex -0.071896 -0.482963 -0.107600
    endloop
  endfacet
  facet normal 0.124340 0.980604 0.151509
    outer loop
      vertex -0.071896 -0.482963 -0.107600
      vertex -0.046148 -0.495722 -0.046148
      vertex -0.036258 -0.495722 -0.054264
    endloop
  endfacet
  facet normal 0.092393 0.980604 0.172855
    outer loop
      vertex -0.071896 -0.482963 -0.107600
      vertex -0.036258 -0.495722 -0.054264
      vertex -0.049523 -0.482963 -0.119559
    endloop
  endfacet
  facet normal 0.092393 0.980604 0.172855
    outer loop
      vertex -0.049523 -0.482963 -0.119559
      vertex -0.036258 -0.495722 -0.054264
      vertex -0.024975 -0.495722 -0.060295
    endloop
  endfacet
  facet normal 0.056895 0.980604 0.187558
    outer loop
      vertex -0.049523 -0.482963 -0.119559
      vertex -0.024975 -0.495722 -0.060295
      vertex -0.025247 -0.482963 -0.126923
    endloop
  endfacet
  facet normal 0.056895 0.980604 0.187558
    outer loop
      vertex -0.025247 -0.482963 -0.126923
      vertex -0.024975 -0.495722 -0.060295
      vertex -0.012732 -0.495722 -0.064009
    endloop
  endfacet
  facet normal 0.019211 0.980604 0.195054
    outer loop
      vertex -0.025247 -0.482963 -0.126923
      vertex -0.012732 -0.495722 -0.064009
      vertex -0.000000 -0.482963 -0.129410
    endloop
  endfacet
  facet normal 0.019211 0.980604 0.195054
    outer loop
      vertex -0.000000 -0.482963 -0.129410
      vertex -0.012732 -0.495722 -0.064009
      vertex -0.000000 -0.495722 -0.065263
    endloop
  endfacet
  facet normal -0.019211 0.980604 0.195054
    outer loop
      vertex -0.000000 -0.482963 -0.129410
      vertex -0.000000 -0.495722 -0.065263
      vertex 0.025247 -0.482963 -0.126923
    endloop
  endfacet
  facet normal -0.019211 0.980604 0.195054
    outer loop
      vertex 0.025247 -0.482963 -0.126923
      vertex -0.000000 -0.495722 -0.065263
      vertex 0.012732 -0.495722 -0.064009
    endloop
  endfacet
  facet normal -0.056895 0.980604 0.187558
    outer loop
      vertex 0.025247 -0.482963 -0.126923
      vertex 0.012732 -0.495722 -0.064009
      vertex 0.049523 -0.482963 -0.119559
    endloop
  endfacet
  facet normal -0.056895 0.980604 0.187558
    outer loop
      vertex 0.049523 -0.482963 -0.119559
      vertex 0.012732 -0.495722 -0.064009
      vertex 0.024975 -0.495722 -0.060295
    endloop
  endfacet
  facet normal -0.092393 0.980604 0.172855
    outer loop
      vertex 0.049523 -0.482963 -0.119559
      vertex 0.024975 -0.495722 -0.060295
      vertex 0.071896 -0.482963 -0.107600
    endloop
  endfacet
  facet normal -0.092393 0.980604 0.172855
    outer loop
      vertex 0.071896 -0.482963 -0.107600
      vertex 0.024975 -0.495722 -0.060295
      vertex 0.036258 -0.495722 -0.054264
    endloop
  endfacet
  facet normal -0.124340 0.980604 0.151509
    outer loop
      vertex 0.071896 -0.482963 -0.107600
      vertex 0.036258 -0.495722 -0.054264
      vertex 0.091506 -0.482963 -0.091506
    endloop
  endfacet
  facet normal -0.124340 0.980604 0.151509
    outer loop
      vertex 0.091506 -0.482963 -0.091506
      vertex 0.036258 -0.495722 -0.054264
      vertex 0.046148 -0.495722 -0.046148
    endloop
  endfacet
  facet normal -0.151509 0.980604 0.124340
    outer loop
      vertex 0.091506 -0.482963 -0.091506
      vertex 0.046148 -0.495722 -0.046148
      vertex 0.107600 -0.482963 -0.071896
    endloop
  endfacet
  facet normal -0.151509 0.980604 0.124340
    outer loop
      vertex 0.107600 -0.482963 -0.071896
      vertex 0.046148 -0.495722 -0.046148
      vertex 0.054264 -0.495722 -0.036258
    endloop
  endfacet
  facet normal -0.172855 0.980604 0.092393
    outer loop
      vertex 0.107600 -0.482963 -0.071896
      vertex 0.054264 -0.495722 -0.036258
      vertex 0.119559 -0.482963 -0.049523
    endloop
  endfacet
  facet normal -0.172855 0.980604 0.092393
    outer loop
      vertex 0.119559 -0.482963 -0.049523
      vertex 0.054264 -0.495722 -0.036258
      vertex 0.060295 -0.495722 -0.024975
    endloop
  endfacet
  facet normal -0.187558 0.980604 0.056895
    outer loop
      vertex 0.119559 -0.482963 -0.049523
      vertex 0.060295 -0.495722 -0.024975
      vertex 0.126923 -0.482963 -0.025247
    endloop
  endfacet
  facet normal -0.187558 0.980604 0.056895
    outer loop
      vertex 0.126923 -0.482963 -0.025247
      vertex 0.060295 -0.495722 -0.024975
      vertex 0.064009 -0.495722 -0.012732
    endloop
  endfacet
  facet normal -0.195054 0.980604 0.019211
    outer loop
      vertex 0.126923 -0.482963 -0.025247
      vertex 0.064009 -0.495722 -0.012732
      vertex 0.129410 -0.482963 -0.000000
    endloop
  endfacet
  facet normal -0.195054 0.980604 0.019211
    outer loop
      vertex 0.129410 -0.482963 -0.000000
      vertex 0.064009 -0.495722 -0.012732
      vertex 0.065263 -0.495722 -0.000000
    endloop
  endfacet
  facet normal -0.065402 0.997838 -0.006442
    outer loop
      vertex 0.065263 -0.495722 0.000000
      vertex 0.000000 -0.500000 0.000000
      vertex 0.064009 -0.495722 0.012732
    endloop
  endfacet
  facet normal -0.062888 0.997838 -0.019077
    outer loop
      vertex 0.064009 -0.495722 0.012732
      vertex 0.000000 -0.500000 0.000000
      vertex 0.060295 -0.495722 0.024975
    endloop
  endfacet
  facet normal -0.057958 0.997838 -0.030979
    outer loop
      vertex 0.060295 -0.495722 0.024975
      vertex 0.000000 -0.500000 0.000000
      vertex 0.054264 -0.495722 0.036258
    endloop
  endfacet
  facet normal -0.050801 0.997838 -0.041691
    outer loop
      vertex 0.054264 -0.495722 0.036258
      vertex 0.000000 -0.500000 0.000000
      vertex 0.046148 -0.495722 0.046148
    endloop
  endfacet
  facet normal -0.041691 0.997838 -0.050801
    outer loop
      vertex 0.046148 -0.495722 0.046148
      vertex 0.000000 -0.500000 0.000000
      vertex 0.036258 -0.495722 0.054264
    endloop
  endfacet
  facet normal -0.030979 0.997838 -0.057958
    outer loop
      vertex 0.036258 -0.495722 0.054264
      vertex 0.000000 -0.500000 0.000000
      vertex 0.024975 -0.495722 0.060295
    endloop
  endfacet
  facet normal -0.019077 0.997838 -0.062888
    outer loop
      vertex 0.024975 -0.495722 0.060295
      vertex 0.000000 -0.500000 0.000000
      vertex 0.012732 -0.495722 0.064009
    endloop
  endfacet
  facet normal -0.006442 0.997838 -0.065402
    outer loop
      vertex 0.012732 -0.495722 0.064009
      vertex 0.000000 -0.500000 0.000000
      vertex 0.000000 -0.495722 0.065263
    endloop
  endfacet
  facet normal 0.006442 0.997838 -0.065402
    outer loop
      vertex 0.000000 -0.495722 0.065263
      vertex 0.000000 -0.500000 0.000000
      vertex -0.012732 -0.495722 0.064009
    endloop
  endfacet
  facet normal 0.019077 0.997838 -0.062888
    outer loop
      vertex -0.012732 -0.495722 0.064009
      vertex -0.000000 -0.500000 0.000000
      vertex -0.024975 -0.495722 0.060295
    endloop
  endfacet
  facet normal 0.030979 0.997838 -0.057958
    outer loop
      vertex -0.024975 -0.495722 0.060295
      vertex -0.000000 -0.500000 0.000000
      vertex -0.036258 -0.495722 0.054264
    endloop
  endfacet
  facet normal 0.041691 0.997838 -0.050801
    outer loop
      vertex -0.036258 -0.495722 0.054264
      vertex -0.000000 -0.500000 0.000000
      vertex -0.046148 -0.495722 0.046148
    endloop
  endfacet
  facet normal 0.050801 0.997838 -0.041691
    outer loop
      vertex -0.046148 -0.495722 0.046148
      vertex -0.000000 -0.500000 0.000000
      vertex -0.054264 -0.495722 0.036258
    endloop
  endfacet
  facet normal 0.057958 0.997838 -0.030979
    outer loop
      vertex -0.054264 -0.495722 0.036258
      vertex -0.000000 -0.500000 0.000000
      vertex -0.060295 -0.495722 0.024975
    endloop
  endfacet
  facet normal 0.062888 0.997838 -0.019077
    outer loop
      vertex -0.060295 -0.495722 0.024975
      vertex -0.000000 -0.500000 0.000000
      vertex -0.064009 -0.495722 0.012732
    endloop
  endfacet
  facet normal 0.065402 0.997838 -0.006442
    outer loop
      vertex -0.064009 -0.495722 0.012732
      vertex -0.000000 -0.500000 0.000000
      vertex -0.065263 -0.495722 0.000000
    endloop
  endfacet
  facet normal 0.065402 0.997838 0.006442
    outer loop
      vertex -0.065263 -0.495722 0.000000
      vertex -0.000000 -0.500000 0.000000
      vertex -0.064009 -0.495722 -0.012732
    endloop
  endfacet
  facet normal 0.062888 0.997838 0.019077
    outer loop
      vertex -0.064009 -0.495722 -0.012732
      vertex -0.000000 -0.500000 -0.000000
      vertex -0.060295 -0.495722 -0.024975
    endloop
  endfacet
  facet normal 0.057958 0.997838 0.030979
    outer loop
      vertex -0.060295 -0.495722 -0.024975
      vertex -0.000000 -0.500000 -0.000000
      vertex -0.054264 -0.495722 -0.036258
    endloop
  endfacet
  facet normal 0.050801 0.997838 0.041691
    outer loop
      vertex -0.054264 -0.495722 -0.036258
      vertex -0.000000 -0.500000 -0.000000
      vertex -0.046148 -0.495722 -0.046148
    endloop
  endfacet
  facet normal 0.041691 0.997838 0.050801
    outer loop
      vertex -0.046148 -0.495722 -0.046148
      vertex -0.000000 -0.500000 -0.000000
      vertex -0.036258 -0.495722 -0.054264
    endloop
  endfacet
  facet normal 0.030979 0.997838 0.057958
    outer loop
      vertex -0.036258 -0.495722 -0.054264
      vertex -0.000000 -0.500000 -0.000000
      vertex -0.024975 -0.495722 -0.060295
    endloop
  endfacet
  facet normal 0.019077 0.997838 0.062888
    outer loop
      vertex -0.024975 -0.495722 -0.060295
      vertex -0.000000 -0.500000 -0.000000
      vertex -0.012732 -0.495722 -0.064009
    endloop
  endfacet
  facet normal 0.006442 0.997838 0.065402
    outer loop
      vertex -0.012732 -0.495722 -0.064009
      vertex -0.000000 -0.500000 -0.000000
      vertex -0.000000 -0.495722 -0.065263
    endloop
  endfacet
  facet normal -0.006442 0.997838 0.065402
    outer loop
      vertex -0.000000 -0.495722 -0.065263
      vertex -0.000000 -0.500000 -0.000000
      vertex 0.012732 -0.495722 -0.064009
    endloop
  endfacet
  facet normal -0.019077 0.997838 0.062888
    outer loop
      vertex 0.012732 -0.495722 -0.064009
      vertex 0.000000 -0.500000 -0.000000
      vertex 0.024975 -0.495722 -0.060295
    endloop
  endfacet
  facet normal -0.030979 0.997838 0.057958
    outer loop
      vertex 0.024975 -0.495722 -0.060295
      vertex 0.000000 -0.500000 -0.000000
      vertex 0.036258 -0.495722 -0.054264
    endloop
  endfacet
  facet normal -0.041691 0.997838 0.050801
    outer loop
      vertex 0.036258 -0.495722 -0.054264
      vertex 0.000000 -0.500000 -0.000000
      vertex 0.046148 -0.495722 -0.046148
    endloop
  endfacet
  facet normal -0.050801 0.997838 0.041691
    outer loop
      vertex 0.046148 -0.495722 -0.046148
      vertex 0.000000 -0.500000 -0.000000
      vertex 0.054264 -0.495722 -0.036258
    endloop
  endfacet
  facet normal -0.057958 0.997838 0.030979
    outer loop
      vertex 0.054264 -0.495722 -0.036258
      vertex 0.000000 -0.500000 -0.000000
      vertex 0.060295 -0.495722 -0.024975
    endloop
  endfacet
  facet normal -0.062888 0.997838 0.019077
    outer loop
      vertex 0.060295 -0.495722 -0.024975
      vertex 0.000000 -0.500000 -0.000000
      vertex 0.064009 -0.495722 -0.012732
    endloop
  endfacet
  facet normal -0.065402 0.997838 0.006442
    outer loop
      vertex 0.064009 -0.495722 -0.012732
      vertex 0.000000 -0.500000 -0.000000
      vertex 0.065263 -0.495722 -0.000000
    endloop
  endfacet
endsolid sphere